date,transport,users,frac
2017-05-04,snowflake,0.08,100.00
2017-05-05,snowflake,1.14,100.00
2017-05-06,snowflake,0.40,100.00
2017-05-07,snowflake,0.40,100.00
2017-05-08,snowflake,0.40,100.00
2017-05-09,snowflake,0.46,100.00
2017-05-10,snowflake,1.14,100.00
2017-05-11,snowflake,0.37,100.00
2017-05-13,snowflake,0.03,100.00
2017-05-14,snowflake,0.40,100.00
2017-05-15,snowflake,0.40,100.00
2017-05-16,snowflake,0.40,100.00
2017-05-17,snowflake,0.46,100.00
2017-05-18,snowflake,1.14,100.00
2017-05-19,snowflake,0.40,100.00
2017-05-20,snowflake,0.40,100.00
2017-05-21,snowflake,0.40,100.00
2017-05-22,snowflake,0.40,100.00
2017-05-23,snowflake,0.37,100.00
2017-05-24,snowflake,0.03,100.00
2017-05-25,snowflake,0.40,100.00
2017-05-26,snowflake,0.40,100.00
2017-05-27,snowflake,0.40,100.00
2017-05-28,snowflake,0.40,100.00
2017-05-29,snowflake,0.46,100.00
2017-05-30,snowflake,1.20,100.00
2017-05-31,snowflake,1.20,100.00
2017-06-01,snowflake,1.14,100.00
2017-06-02,snowflake,0.40,100.00
2017-06-03,snowflake,0.40,100.00
2017-06-04,snowflake,0.40,100.00
2017-06-05,snowflake,0.40,100.00
2017-06-06,snowflake,0.40,100.00
2017-06-07,snowflake,0.40,100.00
2017-06-08,snowflake,0.40,100.00
2017-06-09,snowflake,0.46,100.00
2017-06-10,snowflake,1.14,100.00
2017-06-11,snowflake,0.40,100.00
2017-06-12,snowflake,0.40,100.00
2017-06-13,snowflake,0.46,100.00
2017-06-14,snowflake,1.14,100.00
2017-06-15,snowflake,0.40,100.00
2017-06-16,snowflake,0.40,100.00
2017-06-17,snowflake,0.40,100.00
2017-06-18,snowflake,0.37,100.00
2017-06-19,snowflake,0.06,100.00
2017-06-20,snowflake,0.74,100.00
2017-06-22,snowflake,0.16,100.00
2017-06-23,snowflake,0.35,100.00
2017-06-24,snowflake,0.40,100.00
2017-06-25,snowflake,0.40,100.00
2017-06-26,snowflake,0.63,100.00
2017-06-27,snowflake,0.97,100.00
2017-06-28,snowflake,0.40,100.00
2017-06-29,snowflake,0.40,100.00
2017-06-30,snowflake,0.40,100.00
2017-07-01,snowflake,0.40,100.00
2017-07-02,snowflake,0.40,100.00
2017-07-03,snowflake,0.40,100.00
2017-07-04,snowflake,0.63,100.00
2017-07-05,snowflake,0.97,100.00
2017-07-06,snowflake,0.40,100.00
2017-07-07,snowflake,0.40,100.00
2017-07-08,snowflake,0.40,100.00
2017-07-09,snowflake,0.40,100.00
2017-07-10,snowflake,0.40,100.00
2017-07-11,snowflake,0.40,100.00
2017-07-12,snowflake,0.40,100.00
2017-07-13,snowflake,0.40,100.00
2017-07-14,snowflake,0.40,100.00
2017-07-15,snowflake,0.40,100.00
2017-07-16,snowflake,0.40,100.00
2017-07-17,snowflake,0.40,100.00
2017-07-18,snowflake,0.40,100.00
2017-07-19,snowflake,0.40,100.00
2017-07-20,snowflake,0.40,100.00
2017-07-21,snowflake,0.63,100.00
2017-07-22,snowflake,0.97,100.00
2017-07-23,snowflake,0.40,100.00
2017-07-24,snowflake,0.40,100.00
2017-07-25,snowflake,0.40,100.00
2017-07-26,snowflake,0.40,100.00
2017-07-27,snowflake,0.63,100.00
2017-07-28,snowflake,1.20,100.00
2017-07-29,snowflake,0.97,100.00
2017-07-30,snowflake,0.40,100.00
2017-07-31,snowflake,0.63,100.00
2017-08-01,snowflake,1.20,100.00
2017-08-02,snowflake,1.20,100.00
2017-08-03,snowflake,1.20,100.00
2017-08-04,snowflake,0.97,100.00
2017-08-05,snowflake,0.40,100.00
2017-08-06,snowflake,0.63,100.00
2017-08-07,snowflake,0.97,100.00
2017-08-08,snowflake,0.40,100.00
2017-08-09,snowflake,0.63,100.00
2017-08-10,snowflake,0.97,100.00
2017-08-11,snowflake,0.63,100.00
2017-08-12,snowflake,1.20,100.00
2017-08-13,snowflake,0.85,100.00
2017-08-14,snowflake,0.12,100.00
2017-08-15,snowflake,0.40,100.00
2017-08-16,snowflake,0.40,100.00
2017-08-17,snowflake,0.40,100.00
2017-08-18,snowflake,0.63,100.00
2017-08-19,snowflake,0.97,100.00
2017-08-20,snowflake,0.40,100.00
2017-08-21,snowflake,0.40,100.00
2017-08-22,snowflake,0.63,100.00
2017-08-23,snowflake,0.97,100.00
2017-08-24,snowflake,0.40,100.00
2017-08-25,snowflake,0.40,100.00
2017-08-26,snowflake,0.63,100.00
2017-08-27,snowflake,0.97,100.00
2017-08-28,snowflake,0.63,100.00
2017-08-29,snowflake,1.20,100.00
2017-08-30,snowflake,0.97,100.00
2017-08-31,snowflake,0.40,100.00
2017-09-01,snowflake,0.63,100.00
2017-09-02,snowflake,0.97,100.00
2017-09-03,snowflake,0.40,100.00
2017-09-04,snowflake,0.40,100.00
2017-09-05,snowflake,0.40,100.00
2017-09-06,snowflake,0.40,100.00
2017-09-07,snowflake,0.63,100.00
2017-09-08,snowflake,1.20,100.00
2017-09-09,snowflake,0.97,100.00
2017-09-10,snowflake,0.63,100.00
2017-09-11,snowflake,0.97,100.00
2017-09-12,snowflake,0.40,100.00
2017-09-13,snowflake,0.40,100.00
2017-09-14,snowflake,0.63,100.00
2017-09-15,snowflake,1.20,100.00
2017-09-16,snowflake,1.20,100.00
2017-09-17,snowflake,1.20,100.00
2017-09-18,snowflake,0.97,100.00
2017-09-19,snowflake,0.63,100.00
2017-09-20,snowflake,0.97,100.00
2017-09-21,snowflake,0.40,100.00
2017-09-22,snowflake,0.63,100.00
2017-09-23,snowflake,1.20,100.00
2017-09-24,snowflake,1.43,100.00
2017-09-25,snowflake,1.77,100.00
2017-09-26,snowflake,1.20,100.00
2017-09-27,snowflake,1.43,100.00
2017-09-28,snowflake,2.00,100.00
2017-09-29,snowflake,2.00,100.00
2017-09-30,snowflake,2.00,100.00
2017-10-01,snowflake,1.77,100.00
2017-10-02,snowflake,1.20,100.00
2017-10-03,snowflake,1.43,100.00
2017-10-04,snowflake,2.00,100.00
2017-10-05,snowflake,2.00,100.00
2017-10-06,snowflake,2.00,100.00
2017-10-07,snowflake,1.77,100.00
2017-10-08,snowflake,1.43,100.00
2017-10-09,snowflake,1.77,100.00
2017-10-10,snowflake,1.43,100.00
2017-10-11,snowflake,1.77,100.00
2017-10-12,snowflake,1.20,100.00
2017-10-13,snowflake,1.43,100.00
2017-10-14,snowflake,1.94,100.00
2017-10-15,snowflake,2.65,100.00
2017-10-16,snowflake,1.85,100.00
2017-10-17,snowflake,0.98,100.00
2017-10-18,snowflake,1.55,100.00
2017-10-19,snowflake,2.42,100.00
2017-10-20,snowflake,0.82,100.00
2017-10-21,snowflake,0.72,100.00
2017-10-22,snowflake,2.29,100.00
2017-10-23,snowflake,2.22,100.00
2017-10-24,snowflake,1.78,100.00
2017-10-25,snowflake,2.80,100.00
2017-10-26,snowflake,2.22,100.00
2017-10-27,snowflake,1.49,100.00
2017-10-28,snowflake,1.71,100.00
2017-10-29,snowflake,1.20,100.00
2017-10-30,snowflake,1.20,100.00
2017-10-31,snowflake,0.91,100.00
2017-11-01,snowflake,0.69,100.00
2017-11-02,snowflake,1.20,100.00
2017-11-03,snowflake,1.20,100.00
2017-11-04,snowflake,1.20,100.00
2017-11-05,snowflake,1.20,100.00
2017-11-06,snowflake,1.20,100.00
2017-11-07,snowflake,1.49,100.00
2017-11-08,snowflake,2.00,100.00
2017-11-09,snowflake,2.00,100.00
2017-11-10,snowflake,2.00,100.00
2017-11-11,snowflake,1.71,100.00
2017-11-12,snowflake,1.49,100.00
2017-11-13,snowflake,2.00,100.00
2017-11-14,snowflake,1.71,100.00
2017-11-15,snowflake,1.49,100.00
2017-11-16,snowflake,2.00,100.00
2017-11-17,snowflake,1.71,100.00
2017-11-18,snowflake,1.49,100.00
2017-11-19,snowflake,1.71,100.00
2017-11-20,snowflake,1.78,100.00
2017-11-21,snowflake,3.09,100.00
2017-11-22,snowflake,3.31,100.00
2017-11-23,snowflake,3.09,100.00
2017-11-24,snowflake,3.60,100.00
2017-11-25,snowflake,3.60,100.00
2017-11-26,snowflake,3.60,100.00
2017-11-27,snowflake,3.89,100.00
2017-11-28,snowflake,3.82,100.00
2017-11-29,snowflake,2.80,100.00
2017-11-30,snowflake,3.09,100.00
2017-12-01,snowflake,3.02,100.00
2017-12-02,snowflake,3.16,100.00
2017-12-03,snowflake,5.20,100.00
2017-12-04,snowflake,5.20,100.00
2017-12-05,snowflake,5.78,100.00
2017-12-06,snowflake,5.64,100.00
2017-12-07,snowflake,2.30,100.00
2017-12-10,snowflake,1.59,100.00
2017-12-11,snowflake,4.11,100.00
2017-12-12,snowflake,4.76,100.00
2017-12-13,snowflake,5.93,100.00
2017-12-14,snowflake,4.11,100.00
2017-12-15,snowflake,3.89,100.00
2017-12-16,snowflake,3.82,100.00
2017-12-17,snowflake,2.80,100.00
2017-12-18,snowflake,3.38,100.00
2017-12-19,snowflake,4.40,100.00
2017-12-20,snowflake,4.40,100.00
2017-12-21,snowflake,3.82,100.00
2017-12-22,snowflake,2.51,100.00
2017-12-23,snowflake,1.71,100.00
2017-12-24,snowflake,1.78,100.00
2017-12-25,snowflake,2.51,100.00
2017-12-26,snowflake,2.29,100.00
2017-12-27,snowflake,2.51,100.00
2017-12-28,snowflake,2.29,100.00
2017-12-29,snowflake,2.51,100.00
2017-12-30,snowflake,2.00,100.00
2017-12-31,snowflake,2.29,100.00
2018-01-01,snowflake,2.80,100.00
2018-01-02,snowflake,2.80,100.00
2018-01-03,snowflake,2.51,100.00
2018-01-04,snowflake,2.00,100.00
2018-01-05,snowflake,2.58,100.00
2018-01-06,snowflake,4.18,100.00
2018-01-07,snowflake,4.91,100.00
2018-01-08,snowflake,3.82,100.00
2018-01-09,snowflake,2.51,100.00
2018-01-10,snowflake,1.28,100.00
2018-01-11,snowflake,0.81,100.00
2018-01-12,snowflake,2.65,100.00
2018-01-13,snowflake,3.60,100.00
2018-01-14,snowflake,3.60,100.00
2018-01-15,<OR>,0.20,100.00
2018-01-15,snowflake,2.75,100.00
2018-01-16,<OR>,0.30,100.00
2018-01-16,snowflake,2.67,100.00
2018-01-17,snowflake,3.75,100.00
2018-01-18,snowflake,3.12,100.00
2018-01-19,snowflake,3.92,100.00
2018-01-20,snowflake,4.08,100.00
2018-01-21,snowflake,3.28,100.00
2018-01-22,snowflake,2.80,100.00
2018-01-23,snowflake,3.45,100.00
2018-01-24,snowflake,3.75,100.00
2018-01-25,snowflake,2.48,100.00
2018-01-26,snowflake,2.00,100.00
2018-01-27,snowflake,2.32,100.00
2018-01-28,snowflake,3.12,100.00
2018-01-29,snowflake,2.95,100.00
2018-01-30,snowflake,2.32,100.00
2018-01-31,snowflake,2.80,100.00
2018-02-01,snowflake,2.15,100.00
2018-02-02,snowflake,2.17,100.00
2018-02-03,snowflake,3.60,100.00
2018-02-04,snowflake,3.92,100.00
2018-02-05,snowflake,4.08,100.00
2018-02-06,snowflake,4.25,100.00
2018-02-07,snowflake,4.88,100.00
2018-02-08,snowflake,4.40,100.00
2018-02-09,snowflake,3.75,100.00
2018-02-10,snowflake,3.12,100.00
2018-02-11,snowflake,3.28,100.00
2018-02-12,snowflake,2.48,100.00
2018-02-13,snowflake,2.00,100.00
2018-02-14,snowflake,2.65,100.00
2018-02-15,snowflake,4.25,100.00
2018-02-16,snowflake,4.88,100.00
2018-02-17,snowflake,4.40,100.00
2018-02-18,snowflake,4.72,100.00
2018-02-19,snowflake,4.88,100.00
2018-02-20,snowflake,5.05,100.00
2018-02-21,snowflake,5.35,100.00
2018-02-22,snowflake,4.40,100.00
2018-02-23,snowflake,4.72,100.00
2018-02-24,snowflake,3.90,100.00
2018-02-25,snowflake,4.55,100.00
2018-02-26,snowflake,5.05,100.00
2018-02-27,snowflake,4.55,100.00
2018-02-28,snowflake,5.05,100.00
2018-03-01,snowflake,4.55,100.00
2018-03-02,snowflake,5.20,100.00
2018-03-03,snowflake,4.91,100.00
2018-03-04,snowflake,4.04,100.00
2018-03-05,snowflake,4.90,100.00
2018-03-06,snowflake,4.15,100.00
2018-03-07,snowflake,7.42,100.00
2018-03-08,snowflake,6.85,100.00
2018-03-09,snowflake,6.80,100.00
2018-03-10,snowflake,6.05,100.00
2018-03-11,snowflake,4.49,100.00
2018-03-12,snowflake,0.85,100.00
2018-03-13,snowflake,5.84,100.00
2018-03-14,snowflake,4.48,100.00
2018-03-15,snowflake,5.36,100.00
2018-03-16,snowflake,6.56,100.00
2018-03-17,snowflake,4.40,100.00
2018-03-18,snowflake,4.32,100.00
2018-03-19,snowflake,3.68,100.00
2018-03-20,snowflake,4.56,100.00
2018-03-21,snowflake,5.92,100.00
2018-03-22,snowflake,5.20,100.00
2018-03-23,snowflake,5.04,100.00
2018-03-24,snowflake,3.60,100.00
2018-03-25,snowflake,3.52,100.00
2018-03-26,snowflake,2.72,100.00
2018-03-27,snowflake,2.16,100.00
2018-03-28,snowflake,3.44,100.00
2018-03-29,snowflake,2.00,100.00
2018-03-30,snowflake,2.08,100.00
2018-03-31,snowflake,2.72,100.00
2018-04-01,snowflake,1.84,100.00
2018-04-02,snowflake,0.56,100.00
2018-04-03,snowflake,2.00,100.00
2018-04-04,snowflake,2.00,100.00
2018-04-05,snowflake,2.00,100.00
2018-04-06,snowflake,1.92,100.00
2018-04-07,snowflake,1.20,100.00
2018-04-08,snowflake,1.28,100.00
2018-04-09,snowflake,1.92,100.00
2018-04-10,snowflake,1.20,100.00
2018-04-11,snowflake,1.20,100.00
2018-04-12,snowflake,1.12,100.00
2018-04-13,snowflake,0.36,100.00
2018-04-14,snowflake,0.04,100.00
2018-04-15,snowflake,0.40,100.00
2018-04-16,snowflake,0.36,100.00
2018-04-17,snowflake,0.04,100.00
2018-04-18,snowflake,0.40,100.00
2018-04-19,snowflake,0.40,100.00
2018-04-20,snowflake,0.48,100.00
2018-04-21,snowflake,1.12,100.00
2018-04-22,snowflake,0.40,100.00
2018-04-23,snowflake,0.40,100.00
2018-04-24,snowflake,0.40,100.00
2018-04-25,snowflake,0.40,100.00
2018-04-26,snowflake,0.40,100.00
2018-04-27,snowflake,0.48,100.00
2018-04-28,snowflake,1.12,100.00
2018-04-29,snowflake,0.48,100.00
2018-04-30,snowflake,1.20,100.00
2018-05-01,snowflake,1.20,100.00
2018-05-02,snowflake,1.20,100.00
2018-05-03,snowflake,1.36,100.00
2018-05-04,snowflake,2.64,100.00
2018-05-05,snowflake,1.28,100.00
2018-05-06,snowflake,2.00,100.00
2018-05-07,snowflake,2.08,100.00
2018-05-08,snowflake,2.72,100.00
2018-05-09,snowflake,2.16,100.00
2018-05-10,snowflake,3.68,100.00
2018-05-11,snowflake,4.32,100.00
2018-05-12,snowflake,3.44,100.00
2018-05-13,snowflake,2.08,100.00
2018-05-14,snowflake,2.88,100.00
2018-05-15,snowflake,3.52,100.00
2018-05-16,snowflake,2.72,100.00
2018-05-17,snowflake,2.08,100.00
2018-05-18,snowflake,2.72,100.00
2018-05-19,snowflake,1.92,100.00
2018-05-20,snowflake,1.20,100.00
2018-05-21,snowflake,1.12,100.00
2018-05-22,snowflake,0.48,100.00
2018-05-23,snowflake,1.28,100.00
2018-05-24,snowflake,2.00,100.00
2018-05-25,snowflake,1.92,100.00
2018-05-26,snowflake,1.20,100.00
2018-05-27,snowflake,1.28,100.00
2018-05-28,snowflake,2.00,100.00
2018-05-29,snowflake,1.92,100.00
2018-05-30,snowflake,1.28,100.00
2018-05-31,snowflake,2.00,100.00
2018-06-01,snowflake,2.00,100.00
2018-06-02,snowflake,1.92,100.00
2018-06-03,snowflake,1.28,100.00
2018-06-04,snowflake,1.92,100.00
2018-06-05,snowflake,1.20,100.00
2018-06-06,snowflake,1.20,100.00
2018-06-07,snowflake,1.20,100.00
2018-06-08,snowflake,1.20,100.00
2018-06-09,snowflake,1.28,100.00
2018-06-10,snowflake,2.16,100.00
2018-06-11,snowflake,3.44,100.00
2018-06-12,snowflake,2.00,100.00
2018-06-13,snowflake,1.92,100.00
2018-06-14,snowflake,1.28,100.00
2018-06-15,snowflake,1.92,100.00
2018-06-16,snowflake,1.20,100.00
2018-06-17,snowflake,1.28,100.00
2018-06-18,snowflake,2.00,100.00
2018-06-19,snowflake,2.08,100.00
2018-06-20,snowflake,2.72,100.00
2018-06-21,snowflake,1.92,100.00
2018-06-22,snowflake,1.28,100.00
2018-06-23,snowflake,1.80,100.00
2018-07-15,snowflake,0.13,100.00
2018-07-16,snowflake,0.65,100.00
2018-07-17,snowflake,0.95,100.00
2018-07-18,snowflake,0.65,100.00
2018-07-19,snowflake,0.95,100.00
2018-07-20,snowflake,0.65,100.00
2018-07-21,snowflake,1.20,100.00
2018-07-22,snowflake,1.20,100.00
2018-07-23,snowflake,1.20,100.00
2018-07-24,snowflake,0.95,100.00
2018-07-25,snowflake,0.40,100.00
2018-07-26,snowflake,0.65,100.00
2018-07-27,snowflake,0.95,100.00
2018-07-28,snowflake,0.65,100.00
2018-07-29,snowflake,1.20,100.00
2018-07-30,snowflake,1.45,100.00
2018-07-31,snowflake,1.75,100.00
2018-08-01,snowflake,0.95,100.00
2018-08-02,snowflake,0.40,100.00
2018-08-03,snowflake,0.40,100.00
2018-08-04,snowflake,0.40,100.00
2018-08-05,snowflake,0.40,100.00
2018-08-06,snowflake,0.40,100.00
2018-08-07,snowflake,0.40,100.00
2018-08-08,snowflake,0.40,100.00
2018-08-09,snowflake,0.90,100.00
2018-08-10,snowflake,1.50,100.00
2018-08-11,snowflake,0.40,100.00
2018-08-12,snowflake,0.65,100.00
2018-08-13,snowflake,1.20,100.00
2018-08-14,snowflake,0.95,100.00
2018-08-15,snowflake,0.65,100.00
2018-08-16,snowflake,1.20,100.00
2018-08-17,snowflake,1.20,100.00
2018-08-18,snowflake,1.45,100.00
2018-08-19,snowflake,1.75,100.00
2018-08-20,snowflake,0.95,100.00
2018-08-21,snowflake,0.90,100.00
2018-08-22,snowflake,2.25,100.00
2018-08-23,snowflake,2.55,100.00
2018-08-24,snowflake,2.25,100.00
2018-08-25,snowflake,2.55,100.00
2018-08-26,snowflake,2.00,100.00
2018-08-27,snowflake,2.76,100.00
2018-08-28,snowflake,3.90,100.00
2018-08-29,snowflake,2.30,100.00
2018-08-30,snowflake,1.20,100.00
2018-08-31,snowflake,1.20,100.00
2018-09-01,snowflake,1.20,100.00
2018-09-02,snowflake,1.20,100.00
2018-09-03,snowflake,1.20,100.00
2018-09-04,snowflake,1.45,100.00
2018-09-05,snowflake,2.00,100.00
2018-09-06,snowflake,1.75,100.00
2018-09-07,snowflake,1.70,100.00
2018-09-08,snowflake,2.55,100.00
2018-09-09,snowflake,1.75,100.00
2018-09-10,snowflake,1.20,100.00
2018-09-11,snowflake,1.45,100.00
2018-09-12,snowflake,1.75,100.00
2018-09-13,snowflake,1.45,100.00
2018-09-14,snowflake,2.25,100.00
2018-09-15,snowflake,2.80,100.00
2018-09-16,snowflake,2.80,100.00
2018-09-17,snowflake,2.80,100.00
2018-09-18,snowflake,2.30,100.00
2018-09-19,snowflake,1.70,100.00
2018-09-20,snowflake,2.80,100.00
2018-09-21,snowflake,2.30,100.00
2018-09-22,snowflake,1.70,100.00
2018-09-23,snowflake,3.05,100.00
2018-09-24,snowflake,3.10,100.00
2018-09-25,snowflake,2.25,100.00
2018-09-26,snowflake,2.80,100.00
2018-09-27,snowflake,2.55,100.00
2018-09-28,snowflake,2.25,100.00
2018-09-29,snowflake,2.80,100.00
2018-09-30,snowflake,2.80,100.00
2018-10-01,snowflake,3.81,100.00
2018-10-02,snowflake,4.74,100.00
2018-10-03,snowflake,2.00,100.00
2018-10-04,snowflake,2.00,100.00
2018-10-05,snowflake,2.25,100.00
2018-10-06,snowflake,2.55,100.00
2018-10-07,snowflake,2.00,100.00
2018-10-08,snowflake,2.00,100.00
2018-10-09,snowflake,2.00,100.00
2018-10-10,snowflake,2.00,100.00
2018-10-11,snowflake,2.00,100.00
2018-10-12,snowflake,2.25,100.00
2018-10-13,snowflake,2.80,100.00
2018-10-14,snowflake,2.30,100.00
2018-10-15,snowflake,1.45,100.00
2018-10-16,snowflake,2.00,100.00
2018-10-17,snowflake,2.25,100.00
2018-10-18,snowflake,2.30,100.00
2018-10-19,<OR>,0.32,100.00
2018-10-19,snowflake,1.14,100.00
2018-10-20,<OR>,0.68,100.00
2018-10-20,snowflake,1.57,100.00
2018-10-21,snowflake,2.80,100.00
2018-10-22,snowflake,2.55,100.00
2018-10-23,snowflake,2.25,100.00
2018-10-24,snowflake,2.80,100.00
2018-10-25,snowflake,2.80,100.00
2018-10-26,snowflake,2.80,100.00
2018-10-27,snowflake,3.05,100.00
2018-10-28,snowflake,3.35,100.00
2018-10-29,snowflake,2.55,100.00
2018-10-30,snowflake,2.76,100.00
2018-10-31,snowflake,4.15,100.00
2018-11-01,snowflake,3.60,100.00
2018-11-02,snowflake,3.35,100.00
2018-11-03,snowflake,2.80,100.00
2018-11-04,snowflake,1.92,100.00
2018-11-22,snowflake,1.66,100.00
2018-11-23,snowflake,1.33,100.00
2018-11-24,snowflake,1.87,100.00
2018-11-25,snowflake,2.00,100.00
2018-11-26,snowflake,0.67,100.00
2018-11-27,snowflake,2.40,100.00
2018-11-28,snowflake,1.47,100.00
2018-11-29,snowflake,1.20,100.00
2018-11-30,snowflake,1.87,100.00
2018-12-01,snowflake,2.00,100.00
2018-12-02,snowflake,2.67,100.00
2018-12-03,snowflake,2.13,100.00
2018-12-04,snowflake,3.33,100.00
2018-12-05,snowflake,2.27,100.00
2018-12-06,snowflake,2.00,100.00
2018-12-07,snowflake,2.00,100.00
2018-12-08,snowflake,2.00,100.00
2018-12-09,snowflake,2.67,100.00
2018-12-10,snowflake,1.23,100.00
2018-12-11,snowflake,2.61,100.00
2018-12-12,snowflake,2.99,100.00
2018-12-13,snowflake,2.00,100.00
2018-12-14,snowflake,2.61,100.00
2018-12-15,snowflake,2.69,100.00
2018-12-16,snowflake,0.90,100.00
2018-12-17,snowflake,1.01,100.00
2018-12-18,snowflake,2.30,100.00
2018-12-19,snowflake,2.50,100.00
2018-12-20,snowflake,2.30,100.00
2018-12-21,snowflake,1.89,100.00
2018-12-22,snowflake,1.01,100.00
2018-12-23,snowflake,1.39,100.00
2018-12-24,snowflake,0.70,100.00
2018-12-25,snowflake,1.50,100.00
2018-12-26,snowflake,1.70,100.00
2018-12-27,snowflake,1.50,100.00
2018-12-28,snowflake,2.61,100.00
2018-12-29,snowflake,3.60,100.00
2018-12-30,snowflake,2.69,100.00
2018-12-31,snowflake,1.50,100.00
2019-01-01,snowflake,2.30,100.00
2019-01-02,snowflake,2.50,100.00
2019-01-03,snowflake,2.00,100.00
2019-01-04,snowflake,2.30,100.00
2019-01-05,snowflake,2.80,100.00
2019-01-06,snowflake,3.10,100.00
2019-01-07,snowflake,3.60,100.00
2019-01-08,snowflake,3.30,100.00
2019-01-09,snowflake,2.50,100.00
2019-01-10,snowflake,2.91,100.00
2019-01-11,snowflake,3.18,100.00
2019-01-12,snowflake,1.50,100.00
2019-01-13,snowflake,1.70,100.00
2019-01-14,snowflake,1.81,100.00
2019-01-15,snowflake,2.19,100.00
2019-01-16,snowflake,1.20,100.00
2019-01-17,snowflake,1.81,100.00
2019-01-18,snowflake,2.19,100.00
2019-01-19,snowflake,1.50,100.00
2019-01-20,snowflake,2.00,100.00
2019-01-21,snowflake,1.70,100.00
2019-01-22,snowflake,1.50,100.00
2019-01-23,snowflake,2.30,100.00
2019-01-24,snowflake,3.10,100.00
2019-01-25,snowflake,2.99,100.00
2019-01-26,snowflake,2.00,100.00
2019-01-27,snowflake,2.61,100.00
2019-01-28,snowflake,3.30,100.00
2019-01-29,snowflake,1.73,100.00
2019-01-30,snowflake,4.35,100.00
2019-01-31,snowflake,4.26,100.00
2019-02-01,snowflake,3.60,100.00
2019-02-02,snowflake,4.18,100.00
2019-02-03,snowflake,3.82,100.00
2019-02-04,snowflake,3.02,100.00
2019-02-05,snowflake,3.96,100.00
2019-02-06,snowflake,4.40,100.00
2019-02-07,snowflake,2.66,100.00
2019-02-08,snowflake,2.58,100.00
2019-02-09,snowflake,2.80,100.00
2019-02-10,snowflake,3.96,100.00
2019-02-11,snowflake,4.40,100.00
2019-02-12,snowflake,4.40,100.00
2019-02-13,snowflake,16.58,100.00
2019-02-14,snowflake,8.44,100.00
2019-02-15,snowflake,3.60,100.00
2019-02-16,snowflake,3.02,100.00
2019-02-17,snowflake,1.64,100.00
2019-02-18,snowflake,1.02,100.00
2019-02-19,snowflake,2.60,100.00
2019-02-20,snowflake,2.20,100.00
2019-02-21,snowflake,2.80,100.00
2019-02-22,snowflake,2.80,100.00
2019-02-23,snowflake,2.80,100.00
2019-02-24,snowflake,2.80,100.00
2019-02-25,snowflake,2.33,100.00
2019-02-26,snowflake,5.85,100.00
2019-02-27,snowflake,2.03,100.00
2019-02-28,snowflake,2.86,100.00
2019-03-01,snowflake,4.43,100.00
2019-03-02,snowflake,5.26,100.00
2019-03-03,snowflake,6.71,100.00
2019-03-04,snowflake,4.43,100.00
2019-03-05,snowflake,5.11,100.00
2019-03-06,snowflake,2.95,100.00
2019-03-07,snowflake,6.55,100.00
2019-03-08,snowflake,4.11,100.00
2019-03-09,snowflake,2.91,100.00
2019-03-10,snowflake,3.55,100.00
2019-03-11,snowflake,2.11,100.00
2019-03-12,snowflake,2.75,100.00
2019-03-13,snowflake,2.80,100.00
2019-03-14,snowflake,2.80,100.00
2019-03-15,snowflake,3.55,100.00
2019-03-16,snowflake,3.60,100.00
2019-03-17,snowflake,2.85,100.00
2019-03-18,snowflake,4.29,100.00
2019-03-19,snowflake,2.16,100.00
2019-03-20,snowflake,1.25,100.00
2019-03-21,snowflake,1.95,100.00
2019-03-22,snowflake,1.25,100.00
2019-03-23,snowflake,4.19,100.00
2019-03-24,snowflake,2.16,100.00
2019-03-25,snowflake,4.24,100.00
2019-03-26,snowflake,3.65,100.00
2019-03-27,snowflake,2.85,100.00
2019-03-28,snowflake,4.29,100.00
2019-03-29,snowflake,5.15,100.00
2019-03-30,snowflake,4.45,100.00
2019-03-31,snowflake,4.40,100.00
2019-04-01,snowflake,5.89,100.00
2019-04-02,snowflake,3.01,100.00
2019-04-03,snowflake,5.79,100.00
2019-04-04,snowflake,5.25,100.00
2019-04-05,snowflake,6.69,100.00
2019-04-06,snowflake,6.05,100.00
2019-04-07,snowflake,5.25,100.00
2019-04-08,snowflake,5.20,100.00
2019-04-09,snowflake,6.69,100.00
2019-04-10,snowflake,6.80,100.00
2019-04-11,snowflake,2.71,100.00
2019-04-12,snowflake,5.20,100.00
2019-04-13,snowflake,5.89,100.00
2019-04-14,snowflake,6.11,100.00
2019-04-15,snowflake,5.55,100.00
2019-04-16,snowflake,4.50,100.00
2019-04-17,snowflake,4.40,100.00
2019-04-18,snowflake,4.60,100.00
2019-04-19,<OR>,0.33,100.00
2019-04-19,snowflake,4.87,100.00
2019-04-20,<OR>,0.97,100.00
2019-04-20,snowflake,4.03,100.00
2019-04-21,snowflake,4.60,100.00
2019-04-22,snowflake,5.20,100.00
2019-04-23,snowflake,5.20,100.00
2019-04-24,snowflake,5.00,100.00
2019-04-25,snowflake,4.60,100.00
2019-04-26,snowflake,5.00,100.00
2019-04-27,snowflake,4.40,100.00
2019-04-28,snowflake,4.40,100.00
2019-04-29,snowflake,4.80,100.00
2019-04-30,snowflake,5.40,100.00
2019-05-01,snowflake,3.60,100.00
2019-05-02,snowflake,6.60,100.00
2019-05-03,<OR>,0.55,100.00
2019-05-03,snowflake,14.45,100.00
2019-05-04,<OR>,1.65,100.00
2019-05-04,snowflake,11.15,100.00
2019-05-05,snowflake,12.40,100.00
2019-05-06,snowflake,15.60,100.00
2019-05-07,snowflake,16.80,100.00
2019-05-08,snowflake,9.89,100.00
2019-05-09,snowflake,5.60,100.00
2019-05-10,snowflake,13.54,100.00
2019-05-11,snowflake,14.34,100.00
2019-05-12,snowflake,15.14,100.00
2019-05-13,snowflake,15.60,100.00
2019-05-14,snowflake,14.58,100.00
2019-05-15,snowflake,14.90,100.00
2019-05-16,snowflake,20.93,100.00
2019-05-17,snowflake,23.29,100.00
2019-05-18,snowflake,19.26,100.00
2019-05-19,snowflake,18.12,100.00
2019-05-20,snowflake,17.88,100.00
2019-05-21,snowflake,18.80,100.00
2019-05-22,snowflake,20.16,100.00
2019-05-23,snowflake,19.96,100.00
2019-05-24,snowflake,17.20,100.00
2019-05-25,snowflake,17.20,100.00
2019-05-26,snowflake,17.20,100.00
2019-05-27,snowflake,17.54,100.00
2019-05-28,snowflake,18.34,100.00
2019-05-29,snowflake,18.46,100.00
2019-05-30,snowflake,18.34,100.00
2019-05-31,snowflake,19.14,100.00
2019-06-01,snowflake,18.24,100.00
2019-06-02,snowflake,17.08,100.00
2019-06-03,snowflake,17.32,100.00
2019-06-04,snowflake,16.06,100.00
2019-06-05,snowflake,15.94,100.00
2019-06-06,snowflake,17.42,100.00
2019-06-07,snowflake,18.12,100.00
2019-06-08,snowflake,17.54,100.00
2019-06-09,snowflake,18.00,100.00
2019-06-10,snowflake,19.36,100.00
2019-06-11,snowflake,20.52,100.00
2019-06-12,snowflake,19.60,100.00
2019-06-13,snowflake,17.22,100.00
2019-06-14,<OR>,0.93,100.00
2019-06-14,snowflake,12.73,100.00
2019-06-15,<OR>,1.27,100.00
2019-06-15,snowflake,11.93,100.00
2019-06-16,snowflake,12.52,100.00
2019-06-17,snowflake,12.28,100.00
2019-06-18,snowflake,13.20,100.00
2019-06-19,snowflake,12.86,100.00
2019-06-20,snowflake,12.06,100.00
2019-06-21,snowflake,11.26,100.00
2019-06-22,snowflake,10.46,100.00
2019-06-23,snowflake,11.36,100.00
2019-06-24,snowflake,13.20,100.00
2019-06-25,snowflake,13.88,100.00
2019-06-26,snowflake,14.46,100.00
2019-06-27,snowflake,15.36,100.00
2019-06-28,snowflake,14.67,100.00
2019-06-29,snowflake,12.62,100.00
2019-06-30,snowflake,11.89,100.00
2019-07-01,snowflake,12.40,100.00
2019-07-02,snowflake,12.11,100.00
2019-07-03,snowflake,11.60,100.00
2019-07-04,<OR>,0.70,100.00
2019-07-04,snowflake,10.90,100.00
2019-07-05,<OR>,1.23,100.00
2019-07-05,snowflake,10.08,100.00
2019-07-06,snowflake,10.22,100.00
2019-07-07,snowflake,9.49,100.00
2019-07-08,snowflake,10.58,100.00
2019-07-09,snowflake,11.31,100.00
2019-07-10,snowflake,11.67,100.00
2019-07-11,snowflake,12.62,100.00
2019-07-12,snowflake,11.89,100.00
2019-07-13,snowflake,12.40,100.00
2019-07-14,snowflake,12.69,100.00
2019-07-15,snowflake,12.91,100.00
2019-07-16,snowflake,12.69,100.00
2019-07-17,snowflake,14.36,100.00
2019-07-18,snowflake,14.09,100.00
2019-07-19,snowflake,9.71,100.00
2019-07-20,snowflake,10.65,100.00
2019-07-21,snowflake,11.75,100.00
2019-07-22,snowflake,10.07,100.00
2019-07-23,snowflake,13.05,100.00
2019-07-24,snowflake,13.58,100.00
2019-07-25,snowflake,9.27,100.00
2019-07-26,snowflake,15.99,100.00
2019-07-27,snowflake,10.67,100.00
2019-07-28,snowflake,14.00,100.00
2019-07-29,snowflake,13.60,100.00
2019-07-30,snowflake,11.73,100.00
2019-07-31,snowflake,12.27,100.00
2019-08-01,snowflake,11.47,100.00
2019-08-02,snowflake,11.20,100.00
2019-08-03,snowflake,12.80,100.00
2019-08-04,snowflake,10.93,100.00
2019-08-05,snowflake,11.47,100.00
2019-08-06,snowflake,10.93,100.00
2019-08-07,snowflake,11.47,100.00
2019-08-08,snowflake,10.67,100.00
2019-08-09,snowflake,9.87,100.00
2019-08-10,snowflake,9.33,100.00
2019-08-11,<OR>,1.19,100.00
2019-08-11,snowflake,11.89,100.00
2019-08-12,<OR>,5.91,100.00
2019-08-12,snowflake,21.68,100.00
2019-08-13,snowflake,19.65,100.00
2019-08-14,snowflake,1.45,100.00
2019-08-15,snowflake,8.95,100.00
2019-08-16,snowflake,11.60,100.00
2019-08-17,snowflake,11.74,100.00
2019-08-18,snowflake,11.71,100.00
2019-08-19,snowflake,7.85,100.00
2019-08-20,snowflake,5.06,100.00
2019-08-21,snowflake,4.40,100.00
2019-08-22,snowflake,3.64,100.00
2019-08-23,snowflake,2.00,100.00
2019-08-24,snowflake,7.27,100.00
2019-08-25,snowflake,8.63,100.00
2019-08-26,snowflake,9.67,100.00
2019-08-27,snowflake,11.50,100.00
2019-08-28,snowflake,12.26,100.00
2019-08-29,snowflake,9.53,100.00
2019-08-30,snowflake,9.10,100.00
2019-08-31,snowflake,10.80,100.00
2019-09-01,snowflake,10.10,100.00
2019-09-02,snowflake,8.87,100.00
2019-09-03,snowflake,10.00,100.00
2019-09-04,snowflake,10.00,100.00
2019-09-05,snowflake,10.94,100.00
2019-09-06,snowflake,12.03,100.00
2019-09-07,snowflake,9.20,100.00
2019-09-08,snowflake,8.97,100.00
2019-09-09,snowflake,9.34,100.00
2019-09-10,snowflake,10.43,100.00
2019-09-11,snowflake,7.13,100.00
2019-09-12,snowflake,7.17,100.00
2019-09-13,snowflake,10.70,100.00
2019-09-14,snowflake,11.23,100.00
2019-09-15,snowflake,8.63,100.00
2019-09-16,snowflake,13.43,100.00
2019-09-17,snowflake,19.84,100.00
2019-09-18,snowflake,9.16,100.00
2019-09-19,snowflake,5.20,100.00
2019-09-20,snowflake,4.97,100.00
2019-09-21,<OR>,0.32,100.00
2019-09-21,snowflake,4.08,100.00
2019-09-22,<OR>,0.78,100.00
2019-09-22,snowflake,3.62,100.00
2019-09-23,snowflake,4.63,100.00
2019-09-24,snowflake,4.97,100.00
2019-09-25,snowflake,4.63,100.00
2019-09-26,snowflake,5.20,100.00
2019-09-27,snowflake,4.26,100.00
2019-09-28,snowflake,1.77,100.00
2019-09-29,snowflake,0.97,100.00
2019-09-30,snowflake,1.10,100.00
2019-10-01,snowflake,2.80,100.00
2019-10-02,snowflake,2.80,100.00
2019-10-03,snowflake,3.03,100.00
2019-10-04,snowflake,4.77,100.00
2019-10-05,snowflake,5.96,100.00
2019-10-06,snowflake,2.47,100.00
2019-10-07,snowflake,4.30,100.00
2019-10-08,snowflake,5.30,100.00
2019-10-09,snowflake,3.83,100.00
2019-10-10,snowflake,3.11,100.00
2019-10-11,snowflake,2.75,100.00
2019-10-12,snowflake,6.15,100.00
2019-10-13,snowflake,4.55,100.00
2019-10-14,snowflake,4.57,100.00
2019-10-15,snowflake,6.65,100.00
2019-10-16,snowflake,6.31,100.00
2019-10-17,snowflake,6.99,100.00
2019-10-18,snowflake,8.54,100.00
2019-10-19,snowflake,4.88,100.00
2019-10-20,snowflake,4.72,100.00
2019-10-21,snowflake,5.20,100.00
2019-10-22,snowflake,5.20,100.00
2019-10-23,snowflake,4.88,100.00
2019-10-24,snowflake,5.37,100.00
2019-10-25,snowflake,5.83,100.00
2019-10-26,snowflake,3.75,100.00
2019-10-27,snowflake,3.77,100.00
2019-10-28,snowflake,4.88,100.00
2019-10-29,snowflake,4.40,100.00
2019-10-30,snowflake,4.40,100.00
2019-10-31,snowflake,4.40,100.00
2019-11-01,snowflake,4.40,100.00
2019-11-02,snowflake,4.08,100.00
2019-11-03,snowflake,3.92,100.00
2019-11-04,snowflake,4.72,100.00
2019-11-05,snowflake,4.55,100.00
2019-11-06,snowflake,3.60,100.00
2019-11-07,snowflake,4.25,100.00
2019-11-08,snowflake,4.23,100.00
2019-11-09,snowflake,3.12,100.00
2019-11-10,snowflake,3.60,100.00
2019-11-11,snowflake,4.89,100.00
2019-11-12,snowflake,6.80,100.00
2019-11-13,snowflake,6.15,100.00
2019-11-14,snowflake,6.17,100.00
2019-11-15,snowflake,7.60,100.00
2019-11-16,snowflake,6.31,100.00
2019-11-17,snowflake,4.08,100.00
2019-11-18,snowflake,3.92,100.00
2019-11-19,snowflake,4.40,100.00
2019-11-20,snowflake,4.08,100.00
2019-11-21,snowflake,3.60,100.00
2019-11-22,snowflake,3.60,100.00
2019-11-23,snowflake,3.28,100.00
2019-11-24,snowflake,2.80,100.00
2019-11-25,snowflake,5.06,100.00
2019-11-26,snowflake,5.81,100.00
2019-11-27,snowflake,9.76,100.00
2019-11-28,<OR>,1.27,100.00
2019-11-28,snowflake,18.96,100.00
2019-11-29,<OR>,1.87,100.00
2019-11-29,snowflake,13.70,100.00
2019-11-30,snowflake,7.57,100.00
2019-12-01,snowflake,3.45,100.00
2019-12-02,snowflake,11.51,100.00
2019-12-03,snowflake,22.65,100.00
2019-12-04,snowflake,15.84,100.00
2019-12-05,snowflake,5.37,100.00
2019-12-06,snowflake,15.20,100.00
2019-12-07,snowflake,18.23,100.00
2019-12-08,snowflake,6.02,100.00
2019-12-09,snowflake,14.54,100.00
2019-12-10,snowflake,16.81,100.00
2019-12-11,snowflake,6.15,100.00
2019-12-12,snowflake,6.17,100.00
2019-12-13,snowflake,5.98,100.00
2019-12-14,snowflake,8.45,100.00
2019-12-15,snowflake,10.43,100.00
2019-12-16,snowflake,3.12,100.00
2019-12-17,snowflake,3.60,100.00
2019-12-18,snowflake,3.92,100.00
2019-12-19,snowflake,5.05,100.00
2019-12-20,snowflake,4.71,100.00
2019-12-21,snowflake,3.12,100.00
2019-12-22,snowflake,3.60,100.00
2019-12-23,snowflake,3.28,100.00
2019-12-24,snowflake,3.12,100.00
2019-12-25,snowflake,3.60,100.00
2019-12-26,snowflake,3.60,100.00
2019-12-27,snowflake,3.60,100.00
2019-12-28,snowflake,2.95,100.00
2019-12-29,snowflake,2.32,100.00
2019-12-30,snowflake,2.80,100.00
2019-12-31,snowflake,2.48,100.00
2020-01-01,snowflake,2.32,100.00
2020-01-02,snowflake,8.29,100.00
2020-01-03,snowflake,10.91,100.00
2020-01-04,snowflake,3.45,100.00
2020-01-05,snowflake,4.72,100.00
2020-01-06,snowflake,7.79,100.00
2020-01-07,snowflake,8.04,100.00
2020-01-08,snowflake,2.80,100.00
2020-01-09,snowflake,3.77,100.00
2020-01-10,snowflake,5.52,100.00
2020-01-11,snowflake,4.71,100.00
2020-01-12,snowflake,4.09,100.00
2020-01-13,snowflake,6.00,100.00
2020-01-14,snowflake,5.35,100.00
2020-01-15,snowflake,4.40,100.00
2020-01-16,snowflake,4.40,100.00
2020-01-17,snowflake,3.75,100.00
2020-01-18,snowflake,2.80,100.00
2020-01-19,snowflake,2.80,100.00
2020-01-20,snowflake,3.12,100.00
2020-01-21,snowflake,4.25,100.00
2020-01-22,snowflake,4.88,100.00
2020-01-23,snowflake,4.72,100.00
2020-01-24,snowflake,5.20,100.00
2020-01-25,snowflake,4.88,100.00
2020-01-26,snowflake,4.08,100.00
2020-01-27,snowflake,3.92,100.00
2020-01-28,snowflake,4.08,100.00
2020-01-29,snowflake,3.60,100.00
2020-01-30,snowflake,4.57,100.00
2020-01-31,snowflake,5.03,100.00
2020-02-01,snowflake,3.60,100.00
2020-02-02,snowflake,3.60,100.00
2020-02-03,snowflake,3.28,100.00
2020-02-04,snowflake,2.80,100.00
2020-02-05,snowflake,3.45,100.00
2020-02-06,snowflake,4.40,100.00
2020-02-07,snowflake,4.08,100.00
2020-02-08,snowflake,3.92,100.00
2020-02-09,snowflake,4.40,100.00
2020-02-10,snowflake,3.38,100.00
2020-02-11,snowflake,4.11,100.00
2020-02-12,snowflake,5.66,100.00
2020-02-13,snowflake,4.23,100.00
2020-02-14,snowflake,3.77,100.00
2020-02-15,snowflake,4.40,100.00
2020-02-16,snowflake,4.40,100.00
2020-02-17,snowflake,3.73,100.00
2020-02-18,snowflake,0.95,100.00
2020-02-19,snowflake,1.88,100.00
2020-02-20,snowflake,7.60,100.00
2020-02-21,snowflake,5.72,100.00
2020-02-22,snowflake,0.04,100.00
2020-02-23,snowflake,5.21,100.00
2020-02-24,snowflake,6.01,100.00
2020-02-25,snowflake,7.61,100.00
2020-02-26,snowflake,9.20,100.00
2020-02-27,snowflake,9.19,100.00
2020-02-28,snowflake,7.59,100.00
2020-02-29,snowflake,6.82,100.00
2020-03-01,snowflake,9.98,100.00
2020-03-02,snowflake,7.61,100.00
2020-03-03,snowflake,8.39,100.00
2020-03-04,snowflake,7.62,100.00
2020-03-05,snowflake,9.98,100.00
2020-03-06,snowflake,7.60,100.00
2020-03-07,snowflake,7.60,100.00
2020-03-08,snowflake,7.61,100.00
2020-03-09,snowflake,9.20,100.00
2020-03-10,snowflake,9.20,100.00
2020-03-11,snowflake,9.18,100.00
2020-03-12,snowflake,6.80,100.00
2020-03-13,snowflake,6.80,100.00
2020-03-14,snowflake,6.82,100.00
2020-03-15,snowflake,9.22,100.00
2020-03-16,snowflake,12.38,100.00
2020-03-17,snowflake,9.19,100.00
2020-03-18,snowflake,8.43,100.00
2020-03-19,snowflake,13.18,100.00
2020-03-20,snowflake,10.82,100.00
2020-03-21,snowflake,13.18,100.00
2020-03-22,snowflake,10.82,100.00
2020-03-23,snowflake,13.11,100.00
2020-03-24,snowflake,8.57,100.00
2020-03-25,snowflake,9.95,100.00
2020-03-26,snowflake,10.75,100.00
2020-03-27,snowflake,10.80,100.00
2020-03-28,snowflake,10.05,100.00
2020-03-29,snowflake,10.00,100.00
2020-03-30,snowflake,10.00,100.00
2020-03-31,snowflake,33.11,100.00
2020-04-01,snowflake,34.05,100.00
2020-04-02,snowflake,27.29,100.00
2020-04-03,snowflake,26.80,100.00
2020-04-04,snowflake,28.29,100.00
2020-04-05,snowflake,27.65,100.00
2020-04-06,snowflake,25.36,100.00
2020-04-07,snowflake,27.44,100.00
2020-04-08,snowflake,23.87,100.00
2020-04-09,snowflake,28.07,100.00
2020-04-10,snowflake,26.91,100.00
2020-04-11,snowflake,26.05,100.00
2020-04-12,snowflake,28.24,100.00
2020-04-13,<OR>,2.94,100.00
2020-04-13,snowflake,22.48,100.00
2020-04-14,<OR>,0.21,100.00
2020-04-14,snowflake,29.46,100.00
2020-04-15,snowflake,26.27,100.00
2020-04-16,snowflake,27.49,100.00
2020-04-17,snowflake,29.09,100.00
2020-04-18,snowflake,29.20,100.00
2020-04-19,snowflake,30.69,100.00
2020-04-20,snowflake,27.82,100.00
2020-04-21,snowflake,28.35,100.00
2020-04-22,snowflake,28.40,100.00
2020-04-23,snowflake,3.26,100.00
2020-04-24,snowflake,27.51,100.00
2020-04-25,<OR>,0.08,100.00
2020-04-25,snowflake,9.16,100.00
2020-04-26,<OR>,1.59,100.00
2020-04-26,snowflake,8.30,100.00
2020-04-27,snowflake,7.56,100.00
2020-04-28,snowflake,6.91,100.00
2020-04-29,snowflake,9.09,100.00
2020-04-30,snowflake,6.99,100.00
2020-05-01,snowflake,10.58,100.00
2020-05-02,snowflake,6.04,100.00
2020-05-03,snowflake,6.87,100.00
2020-05-04,<OR>,0.04,100.00
2020-05-04,snowflake,8.39,100.00
2020-05-05,<OR>,0.88,100.00
2020-05-05,snowflake,8.40,100.00
2020-05-06,snowflake,10.73,100.00
2020-05-07,snowflake,9.09,100.00
2020-05-08,snowflake,6.84,100.00
2020-05-09,snowflake,7.67,100.00
2020-05-10,snowflake,9.98,100.00
2020-05-11,snowflake,25.22,100.00
2020-05-12,snowflake,9.13,100.00
2020-05-13,snowflake,7.56,100.00
2020-05-14,snowflake,6.73,100.00
2020-05-15,snowflake,5.24,100.00
2020-05-16,snowflake,6.04,100.00
2020-05-17,snowflake,6.99,100.00
2020-05-18,snowflake,10.73,100.00
2020-05-19,snowflake,9.16,100.00
2020-05-20,<OR>,1.13,100.00
2020-05-20,snowflake,13.64,100.00
2020-05-21,<OR>,23.07,100.00
2020-05-21,snowflake,134.30,100.00
2020-05-22,snowflake,388.22,100.00
2020-05-23,snowflake,7.90,100.00
2020-05-24,snowflake,13.89,100.00
2020-05-25,snowflake,11.90,100.00
2020-05-26,snowflake,17.70,100.00
2020-05-27,snowflake,11.71,100.00
2020-05-28,snowflake,14.00,100.00
2020-05-29,snowflake,14.07,100.00
2020-05-30,snowflake,15.53,100.00
2020-05-31,snowflake,13.89,100.00
2020-06-01,snowflake,11.41,100.00
2020-06-02,snowflake,7.79,100.00
2020-06-03,snowflake,11.86,100.00
2020-06-04,<OR>,0.06,100.00
2020-06-04,snowflake,17.10,100.00
2020-06-05,<OR>,1.30,100.00
2020-06-05,snowflake,15.13,100.00
2020-06-06,snowflake,17.31,100.00
2020-06-07,snowflake,19.56,100.00
2020-06-08,snowflake,19.06,100.00
2020-06-09,snowflake,24.55,100.00
2020-06-10,<OR>,0.09,100.00
2020-06-10,snowflake,27.54,100.00
2020-06-11,<OR>,1.93,100.00
2020-06-11,snowflake,26.43,100.00
2020-06-12,snowflake,27.49,100.00
2020-06-13,snowflake,25.13,100.00
2020-06-14,snowflake,23.49,100.00
2020-06-15,snowflake,21.16,100.00
2020-06-16,snowflake,20.55,100.00
2020-06-17,<OR>,0.14,100.00
2020-06-17,snowflake,23.72,100.00
2020-06-18,<OR>,2.78,100.00
2020-06-18,snowflake,26.56,100.00
2020-06-19,snowflake,31.69,100.00
2020-06-20,<OR>,0.09,100.00
2020-06-20,snowflake,17.37,100.00
2020-06-21,<OR>,1.81,100.00
2020-06-21,snowflake,20.77,100.00
2020-06-22,<OR>,0.09,100.00
2020-06-22,snowflake,17.95,100.00
2020-06-23,<OR>,1.79,100.00
2020-06-23,snowflake,16.97,100.00
2020-06-24,snowflake,20.16,100.00
2020-06-25,snowflake,71.66,100.00
2020-06-26,snowflake,211.16,100.00
2020-06-27,snowflake,22.52,100.00
2020-06-28,snowflake,33.68,100.00
2020-06-29,snowflake,43.67,100.00
2020-06-30,snowflake,44.46,100.00
2020-07-01,snowflake,29.50,100.00
2020-07-02,snowflake,35.30,100.00
2020-07-03,snowflake,29.31,100.00
2020-07-04,snowflake,31.53,100.00
2020-07-05,snowflake,30.07,100.00
2020-07-06,<OR>,0.08,100.00
2020-07-06,snowflake,31.74,100.00
2020-07-07,<OR>,1.74,100.00
2020-07-07,snowflake,34.74,100.00
2020-07-08,<OR>,0.07,100.00
2020-07-08,snowflake,37.75,100.00
2020-07-09,<OR>,1.43,100.00
2020-07-09,snowflake,32.46,100.00
2020-07-10,<OR>,1.67,100.00
2020-07-10,snowflake,30.08,100.00
2020-07-11,snowflake,34.43,100.00
2020-07-12,snowflake,26.84,100.00
2020-07-13,snowflake,27.56,100.00
2020-07-14,snowflake,26.91,100.00
2020-07-15,snowflake,29.65,100.00
2020-07-16,snowflake,40.10,100.00
2020-07-17,snowflake,64.86,100.00
2020-07-18,snowflake,25.31,100.00
2020-07-19,snowflake,27.23,100.00
2020-07-20,snowflake,20.38,100.00
2020-07-21,snowflake,36.47,100.00
2020-07-22,snowflake,37.85,100.00
2020-07-23,snowflake,34.58,100.00
2020-07-24,snowflake,30.22,100.00
2020-07-25,snowflake,34.65,100.00
2020-07-26,snowflake,31.45,100.00
2020-07-27,snowflake,28.66,100.00
2020-07-28,<OR>,0.06,100.00
2020-07-28,snowflake,33.64,100.00
2020-07-29,<OR>,1.20,100.00
2020-07-29,snowflake,26.66,100.00
2020-07-30,snowflake,33.31,100.00
2020-07-31,snowflake,35.23,100.00
2020-08-01,snowflake,27.71,100.00
2020-08-02,snowflake,29.96,100.00
2020-08-03,snowflake,29.05,100.00
2020-08-04,snowflake,26.67,100.00
2020-08-05,<OR>,0.08,100.00
2020-08-05,snowflake,39.69,100.00
2020-08-06,<OR>,1.60,100.00
2020-08-06,snowflake,27.07,100.00
2020-08-07,<OR>,0.10,100.00
2020-08-07,snowflake,64.95,100.00
2020-08-08,<OR>,1.99,100.00
2020-08-08,snowflake,27.14,100.00
2020-08-09,snowflake,27.41,100.00
2020-08-10,snowflake,23.64,100.00
2020-08-11,<OR>,0.24,100.00
2020-08-11,snowflake,27.29,100.00
2020-08-12,<OR>,4.85,100.00
2020-08-12,snowflake,86.45,100.00
2020-08-13,snowflake,82.26,100.00
2020-08-14,snowflake,22.45,100.00
2020-08-15,snowflake,31.60,100.00
2020-08-16,snowflake,31.64,100.00
2020-08-17,snowflake,32.29,100.00
2020-08-18,snowflake,30.00,100.00
2020-08-19,snowflake,31.12,100.00
2020-08-20,snowflake,57.13,100.00
2020-08-21,snowflake,117.18,100.00
2020-08-22,snowflake,34.46,100.00
2020-08-23,snowflake,28.38,100.00
2020-08-24,snowflake,44.14,100.00
2020-08-25,snowflake,39.25,100.00
2020-08-26,snowflake,48.36,100.00
2020-08-27,snowflake,47.64,100.00
2020-08-28,snowflake,48.51,100.00
2020-08-29,snowflake,51.14,100.00
2020-08-30,snowflake,57.78,100.00
2020-08-31,<OR>,0.11,100.00
2020-08-31,snowflake,52.95,100.00
2020-09-01,<OR>,2.17,100.00
2020-09-01,snowflake,48.95,100.00
2020-09-02,snowflake,72.99,100.00
2020-09-03,snowflake,52.85,100.00
2020-09-04,snowflake,61.63,100.00
2020-09-05,snowflake,54.11,100.00
2020-09-06,snowflake,56.81,100.00
2020-09-07,<OR>,0.17,100.00
2020-09-07,snowflake,65.03,100.00
2020-09-08,<OR>,3.45,100.00
2020-09-08,snowflake,61.45,100.00
2020-09-09,snowflake,58.65,100.00
2020-09-10,snowflake,55.49,100.00
2020-09-11,snowflake,53.54,100.00
2020-09-12,snowflake,60.29,100.00
2020-09-13,snowflake,58.15,100.00
2020-09-14,snowflake,61.20,100.00
2020-09-15,snowflake,61.05,100.00
2020-09-16,<OR>,0.18,100.00
2020-09-16,snowflake,58.68,100.00
2020-09-17,<OR>,3.64,100.00
2020-09-17,snowflake,72.46,100.00
2020-09-18,snowflake,69.59,100.00
2020-09-19,snowflake,61.31,100.00
2020-09-20,<OR>,0.16,100.00
2020-09-20,snowflake,63.66,100.00
2020-09-21,<OR>,3.26,100.00
2020-09-21,snowflake,64.92,100.00
2020-09-22,snowflake,63.41,100.00
2020-09-23,snowflake,59.41,100.00
2020-09-24,snowflake,56.05,100.00
2020-09-25,<OR>,0.13,100.00
2020-09-25,snowflake,65.18,100.00
2020-09-26,<OR>,2.81,100.00
2020-09-26,snowflake,64.53,100.00
2020-09-27,<OR>,2.46,100.00
2020-09-27,snowflake,59.65,100.00
2020-09-28,snowflake,64.51,100.00
2020-09-29,snowflake,67.06,100.00
2020-09-30,snowflake,71.95,100.00
2020-10-01,snowflake,62.76,100.00
2020-10-02,snowflake,62.19,100.00
2020-10-03,snowflake,65.93,100.00
2020-10-04,snowflake,64.59,100.00
2020-10-05,snowflake,68.74,100.00
2020-10-06,snowflake,75.56,100.00
2020-10-07,snowflake,74.84,100.00
2020-10-08,snowflake,75.38,100.00
2020-10-09,snowflake,70.95,100.00
2020-10-10,snowflake,74.48,100.00
2020-10-11,snowflake,83.95,100.00
2020-10-12,snowflake,74.80,100.00
2020-10-13,<OR>,0.03,100.00
2020-10-13,snowflake,75.47,100.00
2020-10-14,<OR>,0.73,100.00
2020-10-14,snowflake,89.09,100.00
2020-10-15,<OR>,0.73,100.00
2020-10-15,snowflake,85.01,100.00
2020-10-16,snowflake,80.14,100.00
2020-10-17,snowflake,75.06,100.00
2020-10-18,snowflake,80.03,100.00
2020-10-19,snowflake,72.47,100.00
2020-10-20,<OR>,0.03,100.00
2020-10-20,snowflake,74.08,100.00
2020-10-21,<OR>,0.72,100.00
2020-10-21,snowflake,76.16,100.00
2020-10-22,<OR>,0.68,100.00
2020-10-22,snowflake,85.82,100.00
2020-10-23,snowflake,80.25,100.00
2020-10-24,snowflake,77.05,100.00
2020-10-25,snowflake,74.26,100.00
2020-10-26,snowflake,79.82,100.00
2020-10-27,snowflake,83.92,100.00
2020-10-28,snowflake,74.45,100.00
2020-10-29,snowflake,83.75,100.00
2020-10-30,snowflake,86.50,100.00
2020-10-31,snowflake,80.66,100.00
2020-11-01,snowflake,86.19,100.00
2020-11-02,snowflake,90.60,100.00
2020-11-03,snowflake,102.24,100.00
2020-11-04,snowflake,90.65,100.00
2020-11-05,snowflake,87.79,100.00
2020-11-06,snowflake,91.79,100.00
2020-11-07,snowflake,91.62,100.00
2020-11-08,snowflake,9.53,100.00
2020-11-09,<OR>,0.71,100.00
2020-11-09,snowflake,76.01,100.00
2020-11-10,<OR>,0.64,100.00
2020-11-10,snowflake,70.20,100.00
2020-11-11,<OR>,0.68,100.00
2020-11-11,snowflake,71.71,100.00
2020-11-12,<OR>,0.65,100.00
2020-11-12,snowflake,66.98,100.00
2020-11-13,<OR>,0.00,100.00
2020-11-13,snowflake,77.14,100.00
2020-11-14,snowflake,77.20,100.00
2020-11-15,snowflake,83.56,100.00
2020-11-16,snowflake,80.42,100.00
2020-11-17,snowflake,88.35,100.00
2020-11-18,snowflake,96.35,100.00
2020-11-19,snowflake,92.42,100.00
2020-11-20,snowflake,88.42,100.00
2020-11-21,snowflake,105.89,100.00
2020-11-22,snowflake,103.61,100.00
2020-11-23,snowflake,76.57,100.00
2020-11-24,snowflake,88.33,100.00
2020-11-25,<OR>,0.66,100.00
2020-11-25,snowflake,68.66,100.00
2020-11-26,<OR>,0.00,100.00
2020-11-26,snowflake,78.74,100.00
2020-11-27,snowflake,96.29,100.00
2020-11-28,<OR>,0.60,100.00
2020-11-28,snowflake,87.85,100.00
2020-11-29,<OR>,0.64,100.00
2020-11-29,snowflake,96.51,100.00
2020-11-30,<OR>,0.00,100.00
2020-11-30,snowflake,96.40,100.00
2020-12-01,snowflake,99.58,100.00
2020-12-02,snowflake,78.13,100.00
2020-12-03,snowflake,85.95,100.00
2020-12-04,snowflake,101.90,100.00
2020-12-05,snowflake,106.77,100.00
2020-12-06,snowflake,86.13,100.00
2020-12-07,<OR>,0.73,100.00
2020-12-07,snowflake,121.85,100.00
2020-12-08,<OR>,0.78,100.00
2020-12-08,snowflake,131.56,100.00
2020-12-09,<OR>,0.00,100.00
2020-12-09,snowflake,133.19,100.00
2020-12-10,<OR>,0.80,100.00
2020-12-10,snowflake,130.81,100.00
2020-12-11,<OR>,0.00,100.00
2020-12-11,snowflake,124.44,100.00
2020-12-12,snowflake,109.29,100.00
2020-12-13,snowflake,106.81,100.00
2020-12-14,snowflake,108.39,100.00
2020-12-15,snowflake,104.42,100.00
2020-12-16,snowflake,39.00,100.00
2020-12-17,<OR>,0.31,100.00
2020-12-17,snowflake,104.15,100.00
2020-12-18,<OR>,0.83,100.00
2020-12-18,snowflake,100.25,100.00
2020-12-19,<OR>,0.78,100.00
2020-12-19,snowflake,98.14,100.00
2020-12-20,<OR>,0.51,100.00
2020-12-20,snowflake,84.81,100.00
2020-12-21,snowflake,80.91,100.00
2020-12-22,snowflake,80.11,100.00
2020-12-23,snowflake,78.17,100.00
2020-12-24,snowflake,71.89,100.00
2020-12-25,snowflake,58.93,100.00
2020-12-26,snowflake,53.87,100.00
2020-12-27,snowflake,64.63,100.00
2020-12-28,snowflake,65.60,100.00
2020-12-29,snowflake,69.77,100.00
2020-12-30,snowflake,66.24,100.00
2020-12-31,snowflake,54.01,100.00
2021-01-01,snowflake,53.36,100.00
2021-01-02,snowflake,65.49,100.00
2021-01-03,snowflake,65.43,100.00
2021-01-04,snowflake,64.69,100.00
2021-01-05,snowflake,62.63,100.00
2021-01-06,snowflake,61.71,100.00
2021-01-07,snowflake,62.98,100.00
2021-01-08,snowflake,55.20,100.00
2021-01-09,snowflake,60.23,100.00
2021-01-10,snowflake,65.37,100.00
2021-01-11,snowflake,72.28,100.00
2021-01-12,snowflake,70.98,100.00
2021-01-13,snowflake,62.91,100.00
2021-01-14,snowflake,64.00,100.00
2021-01-15,snowflake,51.27,100.00
2021-01-16,snowflake,23.39,100.00
2021-01-17,snowflake,3.09,100.00
2021-01-18,snowflake,3.89,100.00
2021-01-19,snowflake,3.83,100.00
2021-01-20,snowflake,17.06,100.00
2021-01-21,snowflake,45.08,100.00
2021-01-22,snowflake,50.34,100.00
2021-01-23,snowflake,48.12,100.00
2021-01-24,snowflake,42.11,100.00
2021-01-25,snowflake,51.19,100.00
2021-01-26,snowflake,49.53,100.00
2021-01-27,snowflake,60.78,100.00
2021-01-28,snowflake,62.16,100.00
2021-01-29,snowflake,57.40,100.00
2021-01-30,snowflake,53.06,100.00
2021-01-31,snowflake,69.20,100.00
2021-02-01,snowflake,68.31,100.00
2021-02-02,snowflake,66.28,100.00
2021-02-03,snowflake,84.35,100.00
2021-02-04,snowflake,102.78,100.00
2021-02-05,snowflake,90.38,100.00
2021-02-06,snowflake,89.72,100.00
2021-02-07,<OR>,0.08,100.00
2021-02-07,snowflake,76.16,100.00
2021-02-08,<OR>,0.41,100.00
2021-02-08,snowflake,88.63,100.00
2021-02-09,snowflake,132.93,100.00
2021-02-10,snowflake,98.94,100.00
2021-02-11,snowflake,89.69,100.00
2021-02-12,snowflake,134.80,100.00
2021-02-13,snowflake,180.31,100.00
2021-02-14,<OR>,0.11,100.00
2021-02-14,snowflake,175.36,100.00
2021-02-15,<OR>,0.59,100.00
2021-02-15,snowflake,175.23,100.00
2021-02-16,snowflake,180.69,100.00
2021-02-17,snowflake,178.13,100.00
2021-02-18,snowflake,177.91,100.00
2021-02-19,snowflake,169.12,100.00
2021-02-20,snowflake,149.26,100.00
2021-02-21,snowflake,158.26,100.00
2021-02-22,snowflake,159.60,100.00
2021-02-23,snowflake,159.86,100.00
2021-02-24,snowflake,164.01,100.00
2021-02-25,snowflake,177.91,100.00
2021-02-26,snowflake,171.92,100.00
2021-02-27,snowflake,164.18,100.00
2021-02-28,snowflake,158.03,100.00
2021-03-01,snowflake,156.30,100.00
2021-03-02,snowflake,169.17,100.00
2021-03-03,snowflake,173.07,100.00
2021-03-04,snowflake,173.04,100.00
2021-03-05,snowflake,178.31,100.00
2021-03-06,snowflake,186.61,100.00
2021-03-07,snowflake,148.95,100.00
2021-03-08,snowflake,77.85,100.00
2021-03-09,<OR>,0.27,100.00
2021-03-09,snowflake,187.76,100.00
2021-03-10,<OR>,0.39,100.00
2021-03-10,snowflake,191.18,100.00
2021-03-11,snowflake,205.70,100.00
2021-03-12,snowflake,207.60,100.00
2021-03-13,snowflake,203.37,100.00
2021-03-14,snowflake,194.27,100.00
2021-03-15,snowflake,199.10,100.00
2021-03-16,snowflake,144.19,100.00
2021-03-17,snowflake,218.60,100.00
2021-03-18,snowflake,224.80,100.00
2021-03-19,snowflake,219.74,100.00
2021-03-20,snowflake,212.47,100.00
2021-03-21,snowflake,213.80,100.00
2021-03-22,<OR>,0.05,100.00
2021-03-22,snowflake,219.29,100.00
2021-03-23,<OR>,0.54,100.00
2021-03-23,snowflake,209.25,100.00
2021-03-24,<OR>,0.05,100.00
2021-03-24,snowflake,233.88,100.00
2021-03-25,<OR>,0.57,100.00
2021-03-25,snowflake,213.28,100.00
2021-03-26,<OR>,0.61,100.00
2021-03-26,snowflake,228.00,100.00
2021-03-27,<OR>,0.00,100.00
2021-03-27,snowflake,223.61,100.00
2021-03-28,snowflake,206.84,100.00
2021-03-29,snowflake,225.95,100.00
2021-03-30,<OR>,0.59,100.00
2021-03-30,snowflake,191.10,100.00
2021-03-31,<OR>,0.00,100.00
2021-03-31,snowflake,206.76,100.00
2021-04-01,<OR>,0.62,100.00
2021-04-01,snowflake,199.00,100.00
2021-04-02,<OR>,0.63,100.00
2021-04-02,snowflake,199.77,100.00
2021-04-03,<OR>,0.00,100.00
2021-04-03,snowflake,205.19,100.00
2021-04-04,snowflake,191.63,100.00
2021-04-05,snowflake,38.48,100.00
2021-04-06,snowflake,224.52,100.00
2021-04-07,<OR>,0.10,100.00
2021-04-07,snowflake,209.48,100.00
2021-04-08,<OR>,0.62,100.00
2021-04-08,snowflake,197.42,100.00
2021-04-09,<OR>,0.70,100.00
2021-04-09,snowflake,224.61,100.00
2021-04-10,<OR>,0.62,100.00
2021-04-10,snowflake,200.98,100.00
2021-04-11,<OR>,0.65,100.00
2021-04-11,snowflake,197.75,100.00
2021-04-12,<OR>,0.62,100.00
2021-04-12,snowflake,190.58,100.00
2021-04-13,<OR>,0.61,100.00
2021-04-13,snowflake,184.86,100.00
2021-04-14,<OR>,0.52,100.00
2021-04-14,snowflake,188.96,100.00
2021-04-15,snowflake,205.08,100.00
2021-04-16,<OR>,0.12,100.00
2021-04-16,snowflake,215.47,100.00
2021-04-17,<OR>,0.62,100.00
2021-04-17,snowflake,212.45,100.00
2021-04-18,<OR>,0.12,100.00
2021-04-18,snowflake,219.34,100.00
2021-04-19,<OR>,0.71,100.00
2021-04-19,snowflake,216.64,100.00
2021-04-20,<OR>,0.65,100.00
2021-04-20,snowflake,226.54,100.00
2021-04-21,<OR>,0.62,100.00
2021-04-21,snowflake,214.86,100.00
2021-04-22,<OR>,0.63,100.00
2021-04-22,snowflake,221.21,100.00
2021-04-23,<OR>,0.56,100.00
2021-04-23,snowflake,195.43,100.00
2021-04-24,<OR>,0.57,100.00
2021-04-24,snowflake,188.36,100.00
2021-04-25,<OR>,0.52,100.00
2021-04-25,snowflake,184.82,100.00
2021-04-26,<OR>,0.43,100.00
2021-04-26,snowflake,192.77,100.00
2021-04-27,snowflake,188.53,100.00
2021-04-28,snowflake,187.75,100.00
2021-04-29,<OR>,0.09,100.00
2021-04-29,snowflake,200.98,100.00
2021-04-30,<OR>,0.54,100.00
2021-04-30,snowflake,203.33,100.00
2021-05-01,<OR>,0.54,100.00
2021-05-01,snowflake,199.32,100.00
2021-05-02,<OR>,0.43,100.00
2021-05-02,snowflake,160.42,100.00
2021-05-03,snowflake,84.34,100.00
2021-05-04,snowflake,183.55,100.00
2021-05-05,<OR>,0.35,100.00
2021-05-05,snowflake,225.84,100.00
2021-05-06,<OR>,0.43,100.00
2021-05-06,snowflake,250.58,100.00
2021-05-07,<OR>,0.22,100.00
2021-05-07,snowflake,207.12,100.00
2021-05-08,<OR>,0.27,100.00
2021-05-08,snowflake,185.76,100.00
2021-05-09,<OR>,0.23,100.00
2021-05-09,snowflake,171.71,100.00
2021-05-10,<OR>,0.28,100.00
2021-05-10,snowflake,177.65,100.00
2021-05-11,snowflake,179.88,100.00
2021-05-12,snowflake,99.39,100.00
2021-06-11,snowflake,19.67,100.00
2021-06-12,snowflake,148.73,100.00
2021-06-15,<OR>,40.32,100.00
2021-06-15,snowflake,40.32,100.00
2021-06-16,<OR>,101.48,100.00
2021-06-16,snowflake,180.98,100.00
2021-06-17,snowflake,200.10,100.00
2021-06-18,snowflake,68.20,100.00
2021-06-19,<OR>,34.19,100.00
2021-06-19,snowflake,265.59,100.00
2021-06-20,<OR>,116.01,100.00
2021-06-20,snowflake,116.01,100.00
2021-06-21,snowflake,73.43,100.00
2021-06-22,snowflake,284.97,100.00
2021-06-23,snowflake,209.60,100.00
2021-06-24,snowflake,79.79,100.00
2021-06-25,<OR>,0.18,100.00
2021-06-25,snowflake,294.30,100.00
2021-06-26,<OR>,0.69,100.00
2021-06-26,snowflake,278.64,100.00
2021-06-27,<OR>,0.50,100.00
2021-06-27,snowflake,275.47,100.00
2021-06-28,snowflake,275.23,100.00
2021-06-29,snowflake,278.10,100.00
2021-06-30,<OR>,0.19,100.00
2021-06-30,snowflake,282.18,100.00
2021-07-01,<OR>,0.53,100.00
2021-07-01,snowflake,262.13,100.00
2021-07-02,snowflake,198.82,100.00
2021-07-03,<OR>,0.18,100.00
2021-07-03,snowflake,196.66,100.00
2021-07-04,<OR>,0.83,100.00
2021-07-04,snowflake,338.70,100.00
2021-07-05,<OR>,1.29,100.00
2021-07-05,snowflake,487.42,100.00
2021-07-06,<OR>,1.11,100.00
2021-07-06,snowflake,544.15,100.00
2021-07-07,<OR>,0.83,100.00
2021-07-07,snowflake,670.20,100.00
2021-07-08,<OR>,0.88,100.00
2021-07-08,snowflake,753.45,100.00
2021-07-09,<OR>,0.88,100.00
2021-07-09,snowflake,694.61,100.00
2021-07-10,<OR>,0.59,100.00
2021-07-10,snowflake,569.06,100.00
2021-07-11,snowflake,485.34,100.00
2021-07-12,snowflake,416.62,100.00
2021-07-13,<OR>,0.15,100.00
2021-07-13,snowflake,415.71,100.00
2021-07-14,<OR>,0.57,100.00
2021-07-14,snowflake,434.12,100.00
2021-07-15,<OR>,0.45,100.00
2021-07-15,snowflake,429.55,100.00
2021-07-16,snowflake,452.37,100.00
2021-07-17,<OR>,0.16,100.00
2021-07-17,snowflake,516.18,100.00
2021-07-18,<OR>,0.44,100.00
2021-07-18,snowflake,515.11,100.00
2021-07-19,snowflake,489.42,100.00
2021-07-20,snowflake,493.92,100.00
2021-07-21,<OR>,0.15,100.00
2021-07-21,snowflake,567.75,100.00
2021-07-22,<OR>,0.42,100.00
2021-07-22,snowflake,637.38,100.00
2021-07-23,<OR>,0.17,100.00
2021-07-23,snowflake,718.42,100.00
2021-07-24,<OR>,0.63,100.00
2021-07-24,snowflake,711.83,100.00
2021-07-25,<OR>,0.61,100.00
2021-07-25,snowflake,702.13,100.00
2021-07-26,<OR>,0.62,100.00
2021-07-26,snowflake,732.72,100.00
2021-07-27,<OR>,0.48,100.00
2021-07-27,snowflake,793.45,100.00
2021-07-28,<OR>,0.16,100.00
2021-07-28,snowflake,865.97,100.00
2021-07-29,<OR>,0.45,100.00
2021-07-29,snowflake,939.61,100.00
2021-07-30,<OR>,0.15,100.00
2021-07-30,snowflake,947.33,100.00
2021-07-31,<OR>,0.58,100.00
2021-07-31,snowflake,876.39,100.00
2021-08-01,<OR>,0.44,100.00
2021-08-01,snowflake,907.18,100.00
2021-08-02,<OR>,0.13,100.00
2021-08-02,snowflake,885.05,100.00
2021-08-03,<OR>,0.49,100.00
2021-08-03,snowflake,907.76,100.00
2021-08-04,<OR>,0.51,100.00
2021-08-04,snowflake,892.61,100.00
2021-08-05,<OR>,0.39,100.00
2021-08-05,snowflake,923.61,100.00
2021-08-06,<OR>,0.16,100.00
2021-08-06,snowflake,871.11,100.00
2021-08-07,<OR>,0.62,100.00
2021-08-07,snowflake,861.40,100.00
2021-08-08,<OR>,0.62,100.00
2021-08-08,snowflake,819.79,100.00
2021-08-09,<OR>,0.60,100.00
2021-08-09,snowflake,799.43,100.00
2021-08-10,<OR>,0.54,100.00
2021-08-10,snowflake,745.41,100.00
2021-08-11,<OR>,0.60,100.00
2021-08-11,snowflake,921.35,100.00
2021-08-12,<OR>,0.52,100.00
2021-08-12,snowflake,864.92,100.00
2021-08-13,snowflake,827.51,100.00
2021-08-14,snowflake,824.83,100.00
2021-08-15,<OR>,0.11,100.00
2021-08-15,snowflake,846.69,100.00
2021-08-16,<OR>,0.52,100.00
2021-08-16,snowflake,836.78,100.00
2021-08-17,snowflake,840.26,100.00
2021-08-18,<OR>,0.11,100.00
2021-08-18,snowflake,818.65,100.00
2021-08-19,<OR>,0.61,100.00
2021-08-19,snowflake,825.54,100.00
2021-08-20,<OR>,0.51,100.00
2021-08-20,snowflake,826.57,100.00
2021-08-21,<OR>,0.11,100.00
2021-08-21,snowflake,828.43,100.00
2021-08-22,<OR>,0.63,100.00
2021-08-22,snowflake,841.99,100.00
2021-08-23,<OR>,0.54,100.00
2021-08-23,snowflake,919.34,100.00
2021-08-24,snowflake,992.49,100.00
2021-08-25,<OR>,0.10,100.00
2021-08-25,snowflake,1015.44,100.00
2021-08-26,<OR>,0.48,100.00
2021-08-26,snowflake,1041.70,100.00
2021-08-27,<OR>,0.10,100.00
2021-08-27,snowflake,1079.31,100.00
2021-08-28,<OR>,0.60,100.00
2021-08-28,snowflake,1073.64,100.00
2021-08-29,<OR>,0.52,100.00
2021-08-29,snowflake,1042.98,100.00
2021-08-30,snowflake,923.27,100.00
2021-08-31,snowflake,966.94,100.00
2021-09-01,snowflake,942.33,100.00
2021-09-02,snowflake,973.72,100.00
2021-09-03,snowflake,943.46,100.00
2021-09-04,snowflake,963.79,100.00
2021-09-05,<OR>,0.12,100.00
2021-09-05,snowflake,955.81,100.00
2021-09-06,<OR>,0.67,100.00
2021-09-06,snowflake,949.05,100.00
2021-09-07,<OR>,0.52,100.00
2021-09-07,snowflake,976.40,100.00
2021-09-08,<OR>,0.12,100.00
2021-09-08,snowflake,1117.65,100.00
2021-09-09,<OR>,0.65,100.00
2021-09-09,snowflake,1155.19,100.00
2021-09-10,<OR>,0.62,100.00
2021-09-10,snowflake,1157.85,100.00
2021-09-11,<OR>,0.58,100.00
2021-09-11,snowflake,1137.14,100.00
2021-09-12,<OR>,0.61,100.00
2021-09-12,snowflake,1169.96,100.00
2021-09-13,<OR>,0.62,100.00
2021-09-13,snowflake,1178.51,100.00
2021-09-14,<OR>,0.63,100.00
2021-09-14,snowflake,1196.57,100.00
2021-09-15,<OR>,0.50,100.00
2021-09-15,snowflake,1155.85,100.00
2021-09-16,snowflake,1175.93,100.00
2021-09-17,<OR>,0.11,100.00
2021-09-17,snowflake,1178.40,100.00
2021-09-18,<OR>,0.64,100.00
2021-09-18,snowflake,1162.25,100.00
2021-09-19,<OR>,0.54,100.00
2021-09-19,snowflake,1150.83,100.00
2021-09-20,<OR>,0.12,100.00
2021-09-20,snowflake,1166.78,100.00
2021-09-21,<OR>,0.55,100.00
2021-09-21,snowflake,1188.51,100.00
2021-09-22,<OR>,0.11,100.00
2021-09-22,snowflake,1241.51,100.00
2021-09-23,<OR>,0.64,100.00
2021-09-23,snowflake,1194.54,100.00
2021-09-24,<OR>,0.69,100.00
2021-09-24,snowflake,1254.30,100.00
2021-09-25,<OR>,0.64,100.00
2021-09-25,snowflake,1148.71,100.00
2021-09-26,<OR>,0.70,100.00
2021-09-26,snowflake,1239.56,100.00
2021-09-27,<OR>,0.65,100.00
2021-09-27,snowflake,1155.09,100.00
2021-09-28,<OR>,0.55,100.00
2021-09-28,snowflake,1224.65,100.00
2021-09-29,<OR>,0.12,100.00
2021-09-29,snowflake,1189.88,100.00
2021-09-30,<OR>,0.65,100.00
2021-09-30,snowflake,1236.98,100.00
2021-10-01,<OR>,0.58,100.00
2021-10-01,snowflake,1258.69,100.00
2021-10-02,<OR>,0.60,100.00
2021-10-02,snowflake,1276.87,100.00
2021-10-03,<OR>,0.49,100.00
2021-10-03,snowflake,1197.99,100.00
2021-10-04,<OR>,0.11,100.00
2021-10-04,snowflake,1274.12,100.00
2021-10-05,<OR>,0.61,100.00
2021-10-05,snowflake,1202.28,100.00
2021-10-06,<OR>,0.65,100.00
2021-10-06,snowflake,1301.73,100.00
2021-10-07,<OR>,0.65,100.00
2021-10-07,snowflake,1317.16,100.00
2021-10-08,<OR>,0.64,100.00
2021-10-08,snowflake,1329.36,100.00
2021-10-09,<OR>,0.60,100.00
2021-10-09,snowflake,1237.02,100.00
2021-10-10,<OR>,0.49,100.00
2021-10-10,snowflake,1178.97,100.00
2021-10-11,<OR>,0.12,100.00
2021-10-11,snowflake,1218.50,100.00
2021-10-12,<OR>,0.66,100.00
2021-10-12,snowflake,1243.55,100.00
2021-10-13,<OR>,0.62,100.00
2021-10-13,snowflake,1236.68,100.00
2021-10-14,<OR>,0.49,100.00
2021-10-14,snowflake,1275.77,100.00
2021-10-15,<OR>,0.10,100.00
2021-10-15,snowflake,1274.04,100.00
2021-10-16,<OR>,0.56,100.00
2021-10-16,snowflake,1317.63,100.00
2021-10-17,<OR>,0.47,100.00
2021-10-17,snowflake,1319.74,100.00
2021-10-18,<OR>,0.11,100.00
2021-10-18,snowflake,1383.29,100.00
2021-10-19,<OR>,0.51,100.00
2021-10-19,snowflake,1492.55,100.00
2021-10-20,<OR>,0.11,100.00
2021-10-20,snowflake,1484.29,100.00
2021-10-21,<OR>,0.59,100.00
2021-10-21,snowflake,1396.75,100.00
2021-10-22,<OR>,0.58,100.00
2021-10-22,snowflake,1429.37,100.00
2021-10-23,<OR>,0.62,100.00
2021-10-23,snowflake,1516.01,100.00
2021-10-24,<OR>,0.61,100.00
2021-10-24,snowflake,1456.59,100.00
2021-10-25,<OR>,0.59,100.00
2021-10-25,snowflake,1412.61,100.00
2021-10-26,<OR>,0.49,100.00
2021-10-26,snowflake,1459.09,100.00
2021-10-27,<OR>,0.11,100.00
2021-10-27,snowflake,1417.37,100.00
2021-10-28,<OR>,0.64,100.00
2021-10-28,snowflake,1429.36,100.00
2021-10-29,<OR>,0.64,100.00
2021-10-29,snowflake,1420.18,100.00
2021-10-30,<OR>,0.63,100.00
2021-10-30,snowflake,1361.84,100.00
2021-10-31,<OR>,0.54,100.00
2021-10-31,snowflake,1268.14,100.00
2021-11-01,<OR>,0.10,100.00
2021-11-01,snowflake,1407.78,100.00
2021-11-02,<OR>,0.57,100.00
2021-11-02,snowflake,1423.04,100.00
2021-11-03,<OR>,0.10,100.00
2021-11-03,snowflake,1452.32,100.00
2021-11-04,<OR>,0.59,100.00
2021-11-04,snowflake,1467.52,100.00
2021-11-05,snowflake,1518.57,100.00
2021-11-06,snowflake,1441.86,100.00
2021-11-07,<OR>,0.10,100.00
2021-11-07,snowflake,1429.49,100.00
2021-11-08,<OR>,0.59,100.00
2021-11-08,snowflake,1387.77,100.00
2021-11-09,snowflake,1394.53,100.00
2021-11-10,<OR>,0.09,100.00
2021-11-10,snowflake,1478.28,100.00
2021-11-11,<OR>,0.54,100.00
2021-11-11,snowflake,1434.28,100.00
2021-11-12,<OR>,0.09,100.00
2021-11-12,snowflake,1444.32,100.00
2021-11-13,<OR>,0.54,100.00
2021-11-13,snowflake,1472.45,100.00
2021-11-14,<OR>,0.10,100.00
2021-11-14,snowflake,1485.23,100.00
2021-11-15,<OR>,0.56,100.00
2021-11-15,snowflake,1521.03,100.00
2021-11-16,snowflake,1443.95,100.00
2021-11-17,<OR>,0.10,100.00
2021-11-17,snowflake,1510.44,100.00
2021-11-18,<OR>,0.59,100.00
2021-11-18,snowflake,1461.18,100.00
2021-11-19,<OR>,0.10,100.00
2021-11-19,snowflake,1510.44,100.00
2021-11-20,<OR>,0.68,100.00
2021-11-20,snowflake,1501.14,100.00
2021-11-21,<OR>,0.59,100.00
2021-11-21,snowflake,1489.38,100.00
2021-11-22,snowflake,1527.65,100.00
2021-11-23,snowflake,1623.16,100.00
2021-11-24,snowflake,1529.01,100.00
2021-11-25,<OR>,0.10,100.00
2021-11-25,snowflake,1541.32,100.00
2021-11-26,<OR>,0.60,100.00
2021-11-26,snowflake,1559.18,100.00
2021-11-27,<OR>,0.11,100.00
2021-11-27,snowflake,1526.55,100.00
2021-11-28,<OR>,0.62,100.00
2021-11-28,snowflake,1540.61,100.00
2021-11-29,<OR>,0.11,100.00
2021-11-29,snowflake,1534.90,100.00
2021-11-30,<OR>,0.73,100.00
2021-11-30,snowflake,1617.01,100.00
2021-12-01,<OR>,0.68,100.00
2021-12-01,snowflake,1711.85,100.00
2021-12-02,<OR>,0.71,100.00
2021-12-02,snowflake,1875.95,100.00
2021-12-03,<OR>,0.69,100.00
2021-12-03,snowflake,1923.21,100.00
2021-12-04,<OR>,0.69,100.00
2021-12-04,snowflake,1871.08,100.00
2021-12-05,<OR>,0.60,100.00
2021-12-05,snowflake,1904.11,100.00
2021-12-06,<OR>,0.10,100.00
2021-12-06,snowflake,1881.65,100.00
2021-12-07,<OR>,0.58,100.00
2021-12-07,snowflake,1945.00,100.00
2021-12-08,snowflake,2097.53,100.00
2021-12-09,snowflake,2371.83,100.00
2021-12-10,<OR>,0.10,100.00
2021-12-10,snowflake,2479.87,100.00
2021-12-11,<OR>,0.56,100.00
2021-12-11,snowflake,2247.01,100.00
2021-12-12,<OR>,0.09,100.00
2021-12-12,snowflake,2398.94,100.00
2021-12-13,<OR>,0.61,100.00
2021-12-13,snowflake,3047.12,100.00
2021-12-14,<OR>,0.67,100.00
2021-12-14,snowflake,4058.05,100.00
2021-12-15,<OR>,0.57,100.00
2021-12-15,snowflake,4110.31,100.00
2021-12-16,snowflake,4253.19,100.00
2021-12-17,<OR>,0.10,100.00
2021-12-17,snowflake,4394.97,100.00
2021-12-18,<OR>,0.60,100.00
2021-12-18,snowflake,4336.48,100.00
2021-12-19,<OR>,0.11,100.00
2021-12-19,snowflake,4287.18,100.00
2021-12-20,<OR>,0.65,100.00
2021-12-20,snowflake,3921.93,100.00
2021-12-22,<OR>,0.56,100.00
2021-12-22,snowflake,3805.48,100.00
2021-12-23,<OR>,0.72,100.00
2021-12-23,snowflake,5086.76,100.00
2021-12-24,<OR>,1.92,100.00
2021-12-24,snowflake,5503.65,100.00
2021-12-25,<OR>,1.09,100.00
2021-12-25,snowflake,5686.31,100.00
2021-12-26,<OR>,0.79,100.00
2021-12-26,snowflake,5697.98,100.00
2021-12-27,<OR>,0.78,100.00
2021-12-27,snowflake,5616.88,100.00
2021-12-28,<OR>,0.79,100.00
2021-12-28,snowflake,5809.91,100.00
2021-12-29,<OR>,0.34,100.00
2021-12-29,snowflake,2543.01,100.00
2021-12-30,<OR>,0.75,100.00
2021-12-30,snowflake,5737.51,100.00
2021-12-31,<OR>,0.76,100.00
2021-12-31,snowflake,5573.22,100.00
2022-01-01,<OR>,0.81,100.00
2022-01-01,snowflake,5602.72,100.00
2022-01-02,<OR>,0.81,100.00
2022-01-02,snowflake,5717.13,100.00
2022-01-03,<OR>,0.79,100.00
2022-01-03,snowflake,5644.40,100.00
2022-01-04,<OR>,1.16,100.00
2022-01-04,snowflake,5760.46,100.00
2022-01-05,<OR>,2.10,100.00
2022-01-05,snowflake,5928.37,100.00
2022-01-06,<OR>,0.81,100.00
2022-01-06,snowflake,5883.98,100.00
2022-01-07,<OR>,0.79,100.00
2022-01-07,snowflake,5839.77,100.00
2022-01-08,<OR>,0.81,100.00
2022-01-08,snowflake,6039.78,100.00
2022-01-09,<OR>,0.82,100.00
2022-01-09,snowflake,6047.66,100.00
2022-01-10,<OR>,1.39,100.00
2022-01-10,snowflake,6075.49,100.00
2022-01-11,<OR>,3.73,100.00
2022-01-11,snowflake,6404.74,100.00
2022-01-12,<OR>,2.09,100.00
2022-01-12,snowflake,6462.61,100.00
2022-01-13,<OR>,1.09,100.00
2022-01-13,snowflake,6533.71,100.00
2022-01-14,<OR>,2.38,100.00
2022-01-14,snowflake,6818.91,100.00
2022-01-15,<OR>,2.34,100.00
2022-01-15,snowflake,6740.31,100.00
2022-01-16,<OR>,2.40,100.00
2022-01-16,snowflake,6693.78,100.00
2022-01-17,<OR>,2.47,100.00
2022-01-17,snowflake,6863.21,100.00
2022-01-18,<OR>,2.70,100.00
2022-01-18,snowflake,6598.21,100.00
2022-01-19,<OR>,3.77,100.00
2022-01-19,snowflake,6790.87,100.00
2022-01-20,<OR>,2.46,100.00
2022-01-20,snowflake,6878.65,100.00
2022-01-21,<OR>,2.40,100.00
2022-01-21,snowflake,6871.43,100.00
2022-01-22,<OR>,2.42,100.00
2022-01-22,snowflake,6944.30,100.00
2022-01-23,<OR>,2.22,100.00
2022-01-23,snowflake,7150.10,100.00
2022-01-24,<OR>,0.82,100.00
2022-01-24,snowflake,7103.59,100.00
2022-01-25,<OR>,0.70,100.00
2022-01-25,snowflake,6852.05,100.00
2022-01-26,<OR>,0.90,100.00
2022-01-26,snowflake,7601.59,100.00
2022-01-27,<OR>,0.93,100.00
2022-01-27,snowflake,8094.28,100.00
2022-01-28,<OR>,0.86,100.00
2022-01-28,snowflake,8810.68,100.00
2022-01-29,<OR>,0.73,100.00
2022-01-29,snowflake,9078.70,100.00
2022-01-30,<OR>,1.73,100.00
2022-01-30,snowflake,9198.63,100.00
2022-01-31,<OR>,0.73,100.00
2022-01-31,snowflake,8778.25,100.00
2022-02-01,<OR>,1.82,100.00
2022-02-01,snowflake,9633.45,100.00
2022-02-02,<OR>,1.58,100.00
2022-02-02,snowflake,9832.08,100.00
2022-02-03,<OR>,1.88,100.00
2022-02-03,snowflake,9856.14,100.00
2022-02-04,<OR>,1.57,100.00
2022-02-04,snowflake,10124.04,100.00
2022-02-05,<OR>,2.08,100.00
2022-02-05,snowflake,10782.28,100.00
2022-02-06,<OR>,2.12,100.00
2022-02-06,snowflake,10566.60,100.00
2022-02-07,<OR>,2.08,100.00
2022-02-07,snowflake,10210.03,100.00
2022-02-08,<OR>,2.13,100.00
2022-02-08,snowflake,10554.00,100.00
2022-02-09,<OR>,2.06,100.00
2022-02-09,snowflake,10439.55,100.00
2022-02-10,<OR>,1.98,100.00
2022-02-10,snowflake,10775.34,100.00
2022-02-11,<OR>,2.00,100.00
2022-02-11,snowflake,11440.77,100.00
2022-02-12,<OR>,2.11,100.00
2022-02-12,snowflake,12034.83,100.00
2022-02-13,<OR>,2.17,100.00
2022-02-13,snowflake,11872.72,100.00
2022-02-14,<OR>,2.07,100.00
2022-02-14,snowflake,11265.92,100.00
2022-02-15,<OR>,2.02,100.00
2022-02-15,snowflake,11947.08,100.00
2022-02-16,<OR>,2.25,100.00
2022-02-16,snowflake,13627.44,100.00
2022-02-17,<OR>,2.66,100.00
2022-02-17,snowflake,12589.80,100.00
2022-02-18,<OR>,1.11,100.00
2022-02-18,snowflake,5869.13,100.00
2022-02-19,<OR>,3.18,100.00
2022-02-19,snowflake,16781.23,100.00
2022-02-20,<OR>,3.68,100.00
2022-02-20,snowflake,17020.26,100.00
2022-02-21,<OR>,4.39,100.00
2022-02-21,snowflake,16635.97,100.00
2022-02-22,<OR>,4.09,100.00
2022-02-22,snowflake,17629.16,100.00
2022-02-23,<OR>,3.41,100.00
2022-02-23,snowflake,18102.03,100.00
2022-02-24,<OR>,2.90,100.00
2022-02-24,snowflake,16923.78,100.00
2022-02-25,<OR>,2.16,100.00
2022-02-25,snowflake,17173.38,100.00
2022-02-26,<OR>,1.94,100.00
2022-02-26,snowflake,15420.56,100.00
2022-02-27,<OR>,2.11,100.00
2022-02-27,snowflake,15501.86,100.00
2022-02-28,<OR>,2.44,100.00
2022-02-28,snowflake,15627.87,100.00
2022-03-01,<OR>,2.71,100.00
2022-03-01,snowflake,15435.90,100.00
2022-03-02,<OR>,2.14,100.00
2022-03-02,snowflake,16192.99,100.00
2022-03-03,<OR>,3.20,100.00
2022-03-03,snowflake,16521.57,100.00
2022-03-04,<OR>,5.11,100.00
2022-03-04,snowflake,17644.08,100.00
2022-03-05,<OR>,4.84,100.00
2022-03-05,snowflake,18618.34,100.00
2022-03-06,<OR>,4.25,100.00
2022-03-06,snowflake,17725.96,100.00
2022-03-07,<OR>,3.55,100.00
2022-03-07,snowflake,17569.15,100.00
2022-03-08,<OR>,2.18,100.00
2022-03-08,snowflake,17264.99,100.00
2022-03-09,<OR>,2.41,100.00
2022-03-09,snowflake,16852.26,100.00
2022-03-10,<OR>,3.38,100.00
2022-03-10,snowflake,17168.14,100.00
2022-03-11,<OR>,11.76,100.00
2022-03-11,snowflake,15301.08,100.00
2022-03-12,<OR>,27.42,100.00
2022-03-12,snowflake,18369.51,100.00
2022-03-13,<OR>,15.08,100.00
2022-03-13,snowflake,17518.42,100.00
2022-03-14,<OR>,14.04,100.00
2022-03-14,snowflake,16721.65,100.00
2022-03-15,<OR>,23.91,100.00
2022-03-15,snowflake,17053.59,100.00
2022-03-16,<OR>,13.09,100.00
2022-03-16,snowflake,12702.76,100.00
2022-03-17,<OR>,0.44,100.00
2022-03-17,snowflake,8574.48,100.00
2022-03-18,<OR>,0.50,100.00
2022-03-18,snowflake,8041.69,100.00
2022-03-19,<OR>,1.15,100.00
2022-03-19,snowflake,12466.17,100.00
2022-03-20,<OR>,1.81,100.00
2022-03-20,snowflake,13551.23,100.00
2022-03-21,<OR>,1.25,100.00
2022-03-21,snowflake,13483.31,100.00
2022-03-22,<OR>,0.48,100.00
2022-03-22,snowflake,13220.48,100.00
2022-03-23,<OR>,2.09,100.00
2022-03-23,snowflake,13781.12,100.00
2022-03-24,<OR>,1.66,100.00
2022-03-24,snowflake,13712.59,100.00
2022-03-25,<OR>,2.57,100.00
2022-03-25,snowflake,14349.44,100.00
2022-03-26,<OR>,0.73,100.00
2022-03-26,snowflake,14715.29,100.00
2022-03-27,<OR>,0.77,100.00
2022-03-27,snowflake,14736.19,100.00
2022-03-28,<OR>,0.81,100.00
2022-03-28,snowflake,14368.04,100.00
2022-03-29,<OR>,1.17,100.00
2022-03-29,snowflake,14212.77,100.00
2022-03-30,<OR>,1.22,100.00
2022-03-30,snowflake,14241.23,100.00
2022-03-31,<OR>,1.22,100.00
2022-03-31,snowflake,14684.70,100.00
2022-04-01,<OR>,1.90,100.00
2022-04-01,snowflake,15092.13,100.00
2022-04-02,<OR>,1.35,100.00
2022-04-02,snowflake,15399.34,100.00
2022-04-03,<OR>,1.61,100.00
2022-04-03,snowflake,15369.11,100.00
2022-04-04,<OR>,0.95,100.00
2022-04-04,snowflake,15338.98,100.00
2022-04-05,<OR>,0.67,100.00
2022-04-05,snowflake,17769.63,100.00
2022-04-06,<OR>,0.42,100.00
2022-04-06,snowflake,15444.01,100.00
2022-04-07,<OR>,1.47,100.00
2022-04-07,snowflake,14085.62,100.00
2022-04-08,<OR>,1.65,100.00
2022-04-08,snowflake,13596.09,100.00
2022-04-09,<OR>,2.07,100.00
2022-04-09,snowflake,10435.15,100.00
2022-04-10,<OR>,0.68,100.00
2022-04-10,snowflake,12520.45,100.00
2022-04-11,<OR>,1.35,100.00
2022-04-11,snowflake,10657.85,100.00
2022-04-12,<OR>,1.46,100.00
2022-04-12,snowflake,10533.86,100.00
2022-04-13,<OR>,1.42,100.00
2022-04-13,snowflake,10905.03,100.00
2022-04-14,<OR>,1.07,100.00
2022-04-14,snowflake,11316.42,100.00
2022-04-15,<OR>,1.32,100.00
2022-04-15,snowflake,11563.35,100.00
2022-04-16,<OR>,0.71,100.00
2022-04-16,snowflake,12095.37,100.00
2022-04-17,<OR>,0.91,100.00
2022-04-17,snowflake,12229.38,100.00
2022-04-18,<OR>,1.79,100.00
2022-04-18,snowflake,11904.72,100.00
2022-04-19,<OR>,1.95,100.00
2022-04-19,snowflake,11480.63,100.00
2022-04-20,<OR>,1.98,100.00
2022-04-20,snowflake,11506.99,100.00
2022-04-21,<OR>,1.20,100.00
2022-04-21,snowflake,11566.12,100.00
2022-04-22,<OR>,1.36,100.00
2022-04-22,snowflake,12256.56,100.00
2022-04-23,<OR>,1.88,100.00
2022-04-23,snowflake,12114.44,100.00
2022-04-24,<OR>,2.04,100.00
2022-04-24,snowflake,12210.52,100.00
2022-04-25,<OR>,2.01,100.00
2022-04-25,snowflake,12227.48,100.00
2022-04-26,<OR>,1.60,100.00
2022-04-26,snowflake,12007.60,100.00
2022-04-27,<OR>,1.51,100.00
2022-04-27,snowflake,11956.60,100.00
2022-04-28,<OR>,1.86,100.00
2022-04-28,snowflake,11882.85,100.00
2022-04-29,<OR>,1.96,100.00
2022-04-29,snowflake,12380.88,100.00
2022-04-30,<OR>,1.96,100.00
2022-04-30,snowflake,12447.73,100.00
2022-05-01,<OR>,1.21,100.00
2022-05-01,snowflake,12235.62,100.00
2022-05-02,<OR>,1.39,100.00
2022-05-02,snowflake,12533.94,100.00
2022-05-03,<OR>,1.85,100.00
2022-05-03,snowflake,12340.30,100.00
2022-05-04,<OR>,1.61,100.00
2022-05-04,snowflake,13051.28,100.00
2022-05-05,<OR>,1.50,100.00
2022-05-05,snowflake,12889.34,100.00
2022-05-06,<OR>,1.80,100.00
2022-05-06,snowflake,12819.73,100.00
2022-05-07,<OR>,1.17,100.00
2022-05-07,snowflake,12453.60,100.00
2022-05-08,<OR>,1.35,100.00
2022-05-08,snowflake,12487.88,100.00
2022-05-09,<OR>,1.86,100.00
2022-05-09,snowflake,13045.43,100.00
2022-05-10,<OR>,2.00,100.00
2022-05-10,snowflake,13690.30,100.00
2022-05-11,<OR>,1.98,100.00
2022-05-11,snowflake,13021.62,100.00
2022-05-12,<OR>,1.59,100.00
2022-05-12,snowflake,12746.06,100.00
2022-05-13,<OR>,1.46,100.00
2022-05-13,snowflake,12708.13,100.00
2022-05-14,<OR>,1.51,100.00
2022-05-14,snowflake,13019.14,100.00
2022-05-15,<OR>,0.33,100.00
2022-05-15,snowflake,2828.21,100.00
