date,restricted_denied_count,unrestricted_denied_count,matched_count,coverage
2019-06-28,0.00,0.00,448,0.10
2019-06-29,0.00,0.00,728,1.00
2019-06-30,0.00,0.00,848,1.00
2019-07-01,0.00,0.00,1232,1.00
2019-07-02,0.00,0.00,1488,1.00
2019-07-03,0.00,0.00,1552,1.00
2019-07-04,0.00,0.00,1488,1.00
2019-07-05,0.00,0.00,1144,1.00
2019-07-06,0.00,0.00,800,1.00
2019-07-07,0.00,0.00,728,1.00
2019-07-08,0.00,0.00,816,1.00
2019-07-09,0.00,0.00,1032,1.00
2019-07-10,0.00,0.00,1472,1.00
2019-07-11,0.00,0.00,1544,1.00
2019-07-12,0.00,0.00,1168,1.00
2019-07-13,0.00,0.00,1160,1.00
2019-07-14,0.00,0.00,1312,1.00
2019-07-15,0.00,0.00,1464,1.00
2019-07-16,0.00,0.00,1488,1.00
2019-07-17,0.00,0.00,1136,1.00
2019-07-18,0.00,0.00,616,1.00
2019-07-19,0.00,0.00,512,1.00
2019-07-20,0.00,0.00,640,1.00
2019-07-21,0.00,0.00,656,1.00
2019-07-22,0.00,0.00,656,1.00
2019-07-23,0.00,0.00,776,1.00
2019-07-24,0.00,0.00,424,0.90
2019-07-25,0.00,0.00,472,0.17
2019-07-26,0.00,0.00,736,1.00
2019-07-27,0.00,0.00,736,1.00
2019-07-28,0.00,0.00,984,1.00
2019-07-29,0.00,0.00,1032,1.00
2019-07-30,0.00,0.00,1088,1.00
2019-07-31,0.00,0.00,1016,1.00
2019-08-01,0.00,0.00,960,1.00
2019-08-02,0.00,0.00,856,1.00
2019-08-03,0.00,0.00,696,1.00
2019-08-04,0.00,0.00,800,1.00
2019-08-05,0.00,0.00,960,1.00
2019-08-06,0.00,0.00,1376,1.00
2019-08-07,0.00,0.00,1256,1.00
2019-08-08,0.00,0.00,728,1.00
2019-08-09,0.00,0.00,608,1.00
2019-08-10,0.00,0.00,536,1.00
2019-08-11,0.00,0.00,752,1.00
2019-08-12,0.00,0.00,840,1.00
2019-08-13,0.00,0.00,352,0.83
2019-08-14,0.00,0.00,200,0.18
2019-08-15,0.00,0.00,504,1.00
2019-08-16,0.00,0.00,520,1.00
2019-08-17,0.00,0.00,456,1.00
2019-08-18,0.00,0.00,464,1.00
2019-08-19,0.00,0.00,384,1.00
2019-08-20,0.00,0.00,376,1.00
2019-08-21,0.00,0.00,328,1.00
2019-08-22,0.00,0.00,112,0.82
2019-08-23,0.00,0.00,160,0.30
2019-08-24,0.00,0.00,400,1.00
2019-08-25,0.00,0.00,480,1.00
2019-08-26,0.00,0.00,240,0.70
2019-08-27,0.00,0.00,224,0.41
2019-08-28,0.00,0.00,592,1.00
2019-08-29,0.00,0.00,744,1.00
2019-08-30,0.00,0.00,744,1.00
2019-08-31,0.00,0.00,632,1.00
2019-09-01,0.00,0.00,720,1.00
2019-09-02,0.00,0.00,768,0.86
2019-09-03,0.00,0.00,848,1.00
2019-09-04,0.00,0.00,984,1.00
2019-09-05,0.00,0.00,912,1.00
2019-09-06,0.00,0.00,792,1.00
2019-09-07,0.00,0.00,480,1.00
2019-09-08,0.00,0.00,544,1.00
2019-09-09,0.00,0.00,616,1.00
2019-09-10,0.00,0.00,416,1.00
2019-09-11,0.00,0.00,192,0.73
2019-09-12,0.00,0.00,392,0.40
2019-09-13,0.00,0.00,728,1.00
2019-09-14,0.00,0.00,624,1.00
2019-09-15,0.00,0.00,656,1.00
2019-09-16,0.00,0.00,920,1.00
2019-09-17,0.00,0.00,1136,1.00
2019-09-18,0.00,0.00,984,1.00
2019-09-19,0.00,0.00,672,1.00
2019-09-20,0.00,0.00,480,1.00
2019-09-21,0.00,0.00,376,1.00
2019-09-22,0.00,0.00,352,1.00
2019-09-23,0.00,0.00,392,1.00
2019-09-24,0.00,0.00,400,1.00
2019-09-25,0.00,0.00,472,1.00
2019-09-26,0.00,0.00,648,1.00
2019-09-27,0.00,0.00,552,1.00
2019-09-28,0.00,0.00,336,1.00
2019-09-29,0.00,0.00,184,1.00
2019-09-30,0.00,0.00,224,1.00
2019-10-01,0.00,0.00,448,1.00
2019-10-02,0.00,0.00,920,1.00
2019-10-03,0.00,0.00,984,1.00
2019-10-04,0.00,0.00,624,1.00
2019-10-05,0.00,0.00,528,1.00
2019-10-06,0.00,0.00,632,1.00
2019-10-07,0.00,0.00,1016,1.00
2019-10-08,0.00,0.00,1152,1.00
2019-10-09,0.00,0.00,992,1.00
2019-10-10,0.00,0.00,448,0.60
2019-10-11,0.00,0.00,520,0.40
2019-10-12,0.00,0.00,1280,1.00
2019-10-13,0.00,0.00,1368,1.00
2019-10-14,0.00,0.00,1176,1.00
2019-10-15,0.00,0.00,1552,1.00
2019-10-16,0.00,0.00,1912,1.00
2019-10-17,0.00,0.00,2144,1.00
2019-10-18,0.00,0.00,1936,1.00
2019-10-19,0.00,0.00,1416,1.00
2019-10-20,0.00,0.00,1648,1.00
2019-10-21,0.00,0.00,1800,1.00
2019-10-22,0.00,0.00,1856,1.00
2019-10-23,0.00,0.00,1656,1.00
2019-10-24,0.00,0.00,1864,1.00
2019-10-25,0.00,0.00,1640,1.00
2019-10-26,0.00,0.00,648,1.00
2019-10-27,0.00,0.00,784,1.00
2019-10-28,0.00,0.00,1064,1.00
2019-10-29,0.00,0.00,1016,1.00
2019-10-30,0.00,0.00,1120,1.00
2019-10-31,0.00,0.00,1168,1.00
2019-11-01,0.00,0.00,1016,1.00
2019-11-02,0.00,0.00,1208,1.00
2019-11-03,0.00,0.00,1224,1.00
2019-11-04,0.00,0.00,1336,1.00
2019-11-05,0.00,0.00,1656,1.00
2019-11-06,0.00,0.00,1504,1.00
2019-11-07,0.00,0.00,1512,1.00
2019-11-08,0.00,0.00,1304,1.00
2019-11-09,0.00,0.00,1280,1.00
2019-11-10,0.00,0.00,1392,1.00
2019-11-11,0.00,0.00,1304,1.00
2019-11-12,0.00,0.00,1464,1.00
2019-11-13,0.00,0.00,1784,0.74
2019-11-14,0.00,0.00,1416,1.00
2019-11-15,0.00,0.00,408,1.00
2019-11-16,0.00,0.00,0,1.00
2019-11-17,0.00,0.00,0,1.00
2019-11-18,0.00,0.00,0,1.00
2019-11-19,0.00,0.00,0,1.00
2019-11-20,0.00,0.00,0,1.00
2019-11-21,0.00,0.00,0,0.86
2019-11-23,0.00,0.00,488,0.65
2019-11-24,0.00,0.00,1232,1.00
2019-11-25,0.00,0.00,1472,1.00
2019-11-26,0.00,0.00,1776,1.00
2019-11-27,0.00,0.00,2080,1.00
2019-11-28,0.00,0.00,1696,1.00
2019-11-29,0.00,0.00,1664,1.00
2019-11-30,0.00,0.00,1592,1.00
2019-12-01,0.00,0.00,1592,1.00
2019-12-02,0.00,0.00,1944,1.00
2019-12-03,0.00,0.00,944,0.35
2019-12-05,0.00,0.00,1600,0.32
2019-12-06,0.00,0.00,3520,1.00
2019-12-07,0.00,0.00,2544,1.00
2019-12-08,0.00,0.00,1640,1.00
2019-12-09,0.00,0.00,2016,1.00
2019-12-10,0.00,0.00,1456,1.00
2019-12-11,0.00,0.00,1128,1.00
2019-12-12,0.00,0.00,1216,1.00
2019-12-13,0.00,0.00,928,1.00
2019-12-14,0.00,0.00,976,1.00
2019-12-15,0.00,0.00,1120,1.00
2019-12-16,0.00,0.00,904,1.00
2019-12-17,0.00,0.00,912,1.00
2019-12-18,0.00,0.00,1312,1.00
2019-12-19,0.00,0.00,1584,1.00
2019-12-20,0.00,0.00,1288,1.00
2019-12-21,0.00,0.00,1056,1.00
2019-12-22,0.00,0.00,1144,1.00
2019-12-23,0.00,0.00,1112,1.00
2019-12-24,0.00,0.00,928,1.00
2019-12-25,0.00,0.00,968,1.00
2019-12-26,0.00,0.00,1336,1.00
2019-12-27,0.00,0.00,1032,1.00
2019-12-28,0.00,0.00,568,1.00
2019-12-29,0.00,0.00,600,1.00
2019-12-30,0.00,0.00,592,1.00
2019-12-31,0.00,0.00,488,1.00
2020-01-01,0.00,0.00,640,1.00
2020-01-02,0.00,0.00,984,1.00
2020-01-03,0.00,0.00,960,1.00
2020-01-04,0.00,0.00,1000,1.00
2020-01-05,0.00,0.00,1224,1.00
2020-01-06,0.00,0.00,1520,1.00
2020-01-07,0.00,0.00,1568,1.00
2020-01-08,0.00,0.00,1352,1.00
2020-01-09,0.00,0.00,2048,1.00
2020-01-10,0.00,0.00,3296,1.00
2020-01-11,0.00,0.00,2376,1.00
2020-01-12,0.00,0.00,2336,1.00
2020-01-13,0.00,0.00,2752,1.00
2020-01-14,0.00,0.00,1288,1.00
2020-01-15,0.00,0.00,976,1.00
2020-01-16,0.00,0.00,1192,1.00
2020-01-17,0.00,0.00,968,1.00
2020-01-18,0.00,0.00,752,1.00
2020-01-19,0.00,0.00,920,1.00
2020-01-20,0.00,0.00,1280,1.00
2020-01-21,0.00,0.00,1488,1.00
2020-01-22,0.00,0.00,1184,1.00
2020-01-23,0.00,0.00,912,1.00
2020-01-24,0.00,0.00,1080,1.00
2020-01-25,0.00,0.00,1080,1.00
2020-01-26,0.00,0.00,912,1.00
2020-01-27,0.00,0.00,896,1.00
2020-01-28,0.00,0.00,960,1.00
2020-01-29,0.00,0.00,984,1.00
2020-01-30,0.00,0.00,1072,1.00
2020-01-31,0.00,0.00,984,1.00
2020-02-01,0.00,0.00,712,1.00
2020-02-02,0.00,0.00,832,1.00
2020-02-03,0.00,0.00,864,1.00
2020-02-04,0.00,0.00,808,1.00
2020-02-05,0.00,0.00,1152,1.00
2020-02-06,0.00,0.00,1576,1.00
2020-02-07,0.00,0.00,1280,1.00
2020-02-08,0.00,0.00,976,1.00
2020-02-09,0.00,0.00,1040,1.00
2020-02-10,0.00,0.00,1024,1.00
2020-02-11,0.00,0.00,1456,1.00
2020-02-12,0.00,0.00,1728,1.00
2020-02-13,0.00,0.00,1496,1.00
2020-02-14,0.00,0.00,1248,1.00
2020-02-15,0.00,0.00,1288,1.00
2020-02-16,0.00,0.00,1480,1.00
2020-02-17,0.00,0.00,2632,1.00
2020-02-18,0.00,0.00,2544,1.00
2020-02-19,0.00,0.00,2520,1.00
2020-02-20,0.00,0.00,3728,1.00
2020-02-21,0.00,0.00,3296,1.00
2020-02-22,0.00,0.00,2400,1.00
2020-02-23,0.00,0.00,2064,1.00
2020-02-24,0.00,0.00,2232,1.00
2020-02-25,0.00,0.00,2288,1.00
2020-02-26,0.00,0.00,2360,1.00
2020-02-27,0.00,0.00,2296,1.00
2020-02-28,0.00,0.00,2056,1.00
2020-02-29,0.00,0.00,2120,1.00
2020-03-01,0.00,0.00,2504,1.00
2020-03-02,0.00,0.00,2472,1.00
2020-03-03,0.00,0.00,2808,1.00
2020-03-04,0.00,0.00,2648,1.00
2020-03-05,0.00,0.00,2664,1.00
2020-03-06,0.00,0.00,3184,1.00
2020-03-07,0.00,0.00,2792,1.00
2020-03-08,0.00,0.00,2224,1.00
2020-03-09,0.00,0.00,2480,1.00
2020-03-10,0.00,0.00,3584,1.00
2020-03-11,0.00,0.00,4552,1.00
2020-03-12,0.00,0.00,3984,1.00
2020-03-13,0.00,0.00,3008,1.00
2020-03-14,0.00,0.00,3584,1.00
2020-03-15,0.00,0.00,6040,1.00
2020-03-16,0.00,0.00,6264,1.00
2020-03-17,0.00,0.00,5248,1.00
2020-03-18,0.00,0.00,5960,1.00
2020-03-19,0.00,0.00,5512,1.00
2020-03-20,0.00,0.00,5400,1.00
2020-03-21,0.00,0.00,5440,1.00
2020-03-22,0.00,0.00,4496,1.00
2020-03-23,0.00,0.00,3864,1.00
2020-03-24,0.00,0.00,3360,1.00
2020-03-25,0.00,0.00,2584,1.00
2020-03-26,0.00,0.00,3248,1.00
2020-03-27,0.00,0.00,3248,1.00
2020-03-28,0.00,0.00,2512,1.00
2020-03-29,0.00,0.00,2624,1.00
2020-03-30,0.00,0.00,2240,1.00
2020-03-31,0.00,0.00,2352,1.00
2020-04-01,0.00,0.00,2416,1.00
2020-04-02,0.00,0.00,2848,1.00
2020-04-03,0.00,0.00,2696,1.00
2020-04-04,0.00,0.00,2088,1.00
2020-04-05,0.00,0.00,2456,1.00
2020-04-06,0.00,0.00,2376,1.00
2020-04-07,0.00,0.00,2408,1.00
2020-04-08,0.00,0.00,2488,1.00
2020-04-09,0.00,0.00,2192,1.00
2020-04-10,0.00,0.00,1904,1.00
2020-04-11,0.00,0.00,1944,1.00
2020-04-12,0.00,0.00,1936,1.00
2020-04-13,0.00,0.00,2184,1.00
2020-04-14,0.00,0.00,2328,1.00
2020-04-15,0.00,0.00,2072,1.00
2020-04-16,0.00,0.00,2224,1.00
2020-04-17,0.00,0.00,2312,1.00
2020-04-18,0.00,0.00,2568,1.00
2020-04-19,0.00,0.00,3184,1.00
2020-04-20,0.00,0.00,2808,1.00
2020-04-21,0.00,0.00,2304,1.00
2020-04-22,0.00,0.00,2328,1.00
2020-04-23,0.00,0.00,2184,1.00
2020-04-24,0.00,0.00,1792,1.00
2020-04-25,0.00,0.00,1520,1.00
2020-04-26,0.00,0.00,1520,1.00
2020-04-27,0.00,0.00,1456,1.00
2020-04-28,0.00,0.00,1792,1.00
2020-04-29,0.00,0.00,1832,1.00
2020-04-30,0.00,0.00,1496,1.00
2020-05-01,0.00,0.00,1336,1.00
2020-05-02,0.00,0.00,1160,1.00
2020-05-03,0.00,0.00,1384,1.00
2020-05-04,0.00,0.00,1608,1.00
2020-05-05,0.00,0.00,1824,1.00
2020-05-06,0.00,0.00,1792,1.00
2020-05-07,0.00,0.00,1432,1.00
2020-05-08,0.00,0.00,1312,1.00
2020-05-09,0.00,0.00,1448,1.00
2020-05-10,0.00,0.00,1760,1.00
2020-05-11,0.00,0.00,1840,1.00
2020-05-12,0.00,0.00,1496,1.00
2020-05-13,0.00,0.00,1304,1.00
2020-05-14,0.00,0.00,1376,1.00
2020-05-15,0.00,0.00,1160,1.00
2020-05-16,0.00,0.00,1200,1.00
2020-05-17,0.00,0.00,1512,1.00
2020-05-18,0.00,0.00,1712,1.00
2020-05-19,0.00,0.00,1696,1.00
2020-05-20,0.00,0.00,2104,1.00
2020-05-21,0.00,0.00,8648,1.00
2020-05-22,0.00,0.00,7960,1.00
2020-05-23,0.00,0.00,1288,1.00
2020-05-24,0.00,0.00,1192,1.00
2020-05-25,0.00,0.00,1240,1.00
2020-05-26,0.00,0.00,1384,1.00
2020-05-27,0.00,0.00,1512,1.00
2020-05-28,0.00,0.00,1856,1.00
2020-05-29,0.00,0.00,1888,1.00
2020-05-30,0.00,0.00,1440,1.00
2020-05-31,0.00,0.00,1408,1.00
2020-06-01,0.00,0.00,1624,1.00
2020-06-02,0.00,0.00,2480,1.00
2020-06-03,0.00,0.00,3048,1.00
2020-06-04,0.00,0.00,2304,1.00
2020-06-05,0.00,0.00,2424,1.00
2020-06-06,0.00,0.00,3736,1.00
2020-06-07,0.00,0.00,4880,1.00
2020-06-08,0.00,0.00,7768,1.00
2020-06-09,0.00,0.00,9704,1.00
2020-06-10,0.00,0.00,9336,1.00
2020-06-11,0.00,0.00,8912,1.00
2020-06-12,0.00,0.00,8152,1.00
2020-06-13,0.00,0.00,7088,1.00
2020-06-14,0.00,0.00,5984,1.00
2020-06-15,0.00,0.00,4424,1.00
2020-06-16,0.00,0.00,2936,1.00
2020-06-17,0.00,0.00,3208,1.00
2020-06-18,0.00,0.00,8024,1.00
2020-06-19,0.00,0.00,8792,1.00
2020-06-20,0.00,0.00,5704,1.00
2020-06-21,0.00,0.00,6096,1.00
2020-06-22,0.00,0.00,4672,1.00
2020-06-23,0.00,0.00,3200,1.00
2020-06-24,0.00,0.00,3984,1.00
2020-06-25,0.00,0.00,16824,1.00
2020-06-26,0.00,0.00,16808,1.00
2020-06-27,0.00,0.00,6448,1.00
2020-06-28,0.00,0.00,8016,1.00
2020-06-29,0.00,0.00,6336,1.00
2020-06-30,0.00,0.00,4936,1.00
2020-07-01,0.00,0.00,5072,1.00
2020-07-02,0.00,0.00,7176,1.00
2020-07-03,0.00,0.00,7424,1.00
2020-07-04,0.00,0.00,6048,1.00
2020-07-05,0.00,0.00,9776,1.00
2020-07-06,0.00,0.00,12400,0.94
2020-07-07,0.00,0.00,10664,1.00
2020-07-08,0.00,0.00,8488,1.00
2020-07-09,0.00,0.00,7512,1.00
2020-07-10,0.00,0.00,9944,1.00
2020-07-11,0.00,0.00,11880,1.00
2020-07-12,0.00,0.00,8712,1.00
2020-07-13,0.00,0.00,6032,1.00
2020-07-14,0.00,0.00,7080,1.00
2020-07-15,0.00,0.00,10776,1.00
2020-07-16,0.00,0.00,19712,1.00
2020-07-17,0.00,0.00,18400,1.00
2020-07-18,0.00,0.00,9272,1.00
2020-07-19,0.00,0.00,6376,1.00
2020-07-20,0.00,0.00,6288,1.00
2020-07-21,0.00,0.00,8024,1.00
2020-07-22,0.00,0.00,10112,1.00
2020-07-23,0.00,0.00,11960,1.00
2020-07-24,0.00,0.00,12384,1.00
2020-07-25,0.00,0.00,11288,1.00
2020-07-26,0.00,0.00,7736,1.00
2020-07-27,0.00,0.00,7400,1.00
2020-07-28,0.00,0.00,8496,1.00
2020-07-29,0.00,0.00,9096,1.00
2020-07-30,0.00,0.00,13648,1.00
2020-07-31,0.00,0.00,13416,1.00
2020-08-01,0.00,0.00,8736,1.00
2020-08-02,0.00,0.00,6872,1.00
2020-08-03,0.00,0.00,8240,1.00
2020-08-04,0.00,0.00,12848,1.00
2020-08-05,0.00,0.00,11784,1.00
2020-08-06,0.00,0.00,14640,1.00
2020-08-07,0.00,0.00,13408,1.00
2020-08-08,0.00,0.00,5640,1.00
2020-08-09,0.00,0.00,6872,1.00
2020-08-10,0.00,0.00,7632,1.00
2020-08-11,0.00,0.00,6832,1.00
2020-08-12,0.00,0.00,6248,1.00
2020-08-13,0.00,0.00,5136,1.00
2020-08-14,0.00,0.00,4168,1.00
2020-08-15,0.00,0.00,4448,1.00
2020-08-16,0.00,0.00,5128,1.00
2020-08-17,0.00,0.00,9816,1.00
2020-08-18,0.00,0.00,11336,1.00
2020-08-19,0.00,0.00,8832,1.00
2020-08-20,0.00,0.00,13016,1.00
2020-08-21,0.00,0.00,15168,1.00
2020-08-22,0.00,0.00,9960,1.00
2020-08-23,0.00,0.00,3160,0.74
2020-08-24,0.00,0.00,5720,0.42
2020-08-25,0.00,0.00,9976,1.00
2020-08-26,0.00,0.00,9464,1.00
2020-08-27,0.00,0.00,9368,1.00
2020-08-28,0.00,0.00,9416,1.00
2020-08-29,8.00,0.00,13680,1.00
2020-08-30,8.00,0.00,13760,1.00
2020-08-31,0.00,0.00,10064,1.00
2020-09-01,0.00,0.00,11200,1.00
2020-09-02,0.00,0.00,12408,1.00
2020-09-03,8.00,0.00,15176,1.00
2020-09-04,8.00,0.00,19224,1.00
2020-09-05,0.00,0.00,19400,1.00
2020-09-06,0.00,0.00,18960,1.00
2020-09-07,0.00,0.00,15688,1.00
2020-09-08,0.00,0.00,11184,1.00
2020-09-09,0.00,0.00,9960,1.00
2020-09-10,0.00,0.00,9696,1.00
2020-09-11,0.00,0.00,13272,1.00
2020-09-12,0.00,0.00,15584,1.00
2020-09-13,0.00,0.00,13576,1.00
2020-09-14,0.00,0.00,12640,1.00
2020-09-15,0.00,0.00,10416,1.00
2020-09-16,8504.00,0.00,14400,1.00
2020-09-17,10840.00,0.00,17904,1.00
2020-09-18,2344.00,0.00,13680,1.00
2020-09-19,336.00,0.00,11872,1.00
2020-09-20,336.00,0.00,11216,1.00
2020-09-21,8.00,0.00,8136,1.00
2020-09-22,0.00,0.00,7704,1.00
2020-09-23,0.00,0.00,10184,1.00
2020-09-24,0.00,0.00,10568,1.00
2020-09-25,0.00,0.00,11824,1.00
2020-09-26,0.00,0.00,12944,1.00
2020-09-27,8.00,0.00,12488,1.00
2020-09-28,672.00,0.00,18944,1.00
2020-09-29,2656.00,0.00,30864,1.00
2020-09-30,5040.00,0.00,38680,1.00
2020-10-01,6680.00,0.00,41592,1.00
2020-10-02,7640.00,0.00,43624,1.00
2020-10-03,8872.00,0.00,45336,1.00
2020-10-04,6088.00,0.00,40920,1.00
2020-10-05,8264.00,0.00,44672,1.00
2020-10-06,9832.00,0.00,48952,1.00
2020-10-07,8448.00,0.00,45880,1.00
2020-10-08,9368.00,0.00,45648,1.00
2020-10-09,5272.00,0.00,45280,1.00
2020-10-10,12288.00,0.00,48048,1.00
2020-10-11,17064.00,0.00,50584,1.00
2020-10-12,14592.00,0.00,49616,1.00
2020-10-13,17736.00,0.00,46128,1.00
2020-10-14,12592.00,0.00,42536,1.00
2020-10-15,12984.00,0.00,41592,1.00
2020-10-16,19016.00,0.00,38304,1.00
2020-10-17,53504.00,0.00,35904,1.00
2020-10-18,67160.00,0.00,37160,1.00
2020-10-19,35096.00,0.00,37760,1.00
2020-10-20,28776.00,0.00,37720,1.00
2020-10-21,29488.00,0.00,40176,1.00
2020-10-22,21824.00,0.00,38240,1.00
2020-10-23,20568.00,0.00,39504,1.00
2020-10-24,228016.00,0.00,37784,1.00
2020-10-25,239008.00,0.00,32640,1.00
2020-10-26,42592.00,0.00,37240,1.00
2020-10-27,58648.00,0.00,36464,1.00
2020-10-28,84720.00,0.00,35448,1.00
2020-10-29,60096.00,0.00,39304,1.00
2020-10-30,24776.00,0.00,36400,1.00
2020-10-31,12728.00,0.00,32664,1.00
2020-11-01,3512.00,0.00,36136,1.00
2020-11-02,2424.00,0.00,41648,1.00
2020-11-03,5680.00,0.00,47624,0.66
2020-11-04,4640.00,0.00,24872,0.92
2020-11-05,11936.00,0.00,17072,0.19
2020-11-06,39496.00,0.00,30840,1.00
2020-11-07,81440.00,0.00,66832,1.00
2020-11-08,66968.00,0.00,72624,1.00
2020-11-09,26272.00,0.00,32824,1.00
2020-11-10,24400.00,0.00,28552,1.00
2020-11-11,30712.00,0.00,28416,1.00
2020-11-12,42760.00,0.00,27152,1.00
2020-11-13,102160.00,0.00,37808,1.00
2020-11-14,113688.00,0.00,46384,1.00
2020-11-15,60760.00,0.00,38504,1.00
2020-11-16,45384.00,0.00,33240,1.00
2020-11-17,31160.00,0.00,34272,1.00
2020-11-18,84040.00,24.00,46960,1.00
2020-11-19,112056.00,24.00,44344,1.00
2020-11-20,60360.00,0.00,30192,1.00
2020-11-21,37872.00,0.00,32240,1.00
2020-11-22,313024.00,0.00,33264,1.00
2020-11-23,313960.00,0.00,33032,1.00
2020-11-24,97400.00,0.00,31000,1.00
2020-11-25,91080.00,0.00,27776,1.00
2020-11-26,14760.00,0.00,24448,1.00
2020-11-27,4184.00,0.00,20800,1.00
2020-11-28,4072.00,0.00,19120,1.00
2020-11-29,10536.00,0.00,19216,1.00
2020-11-30,7840.00,0.00,19232,1.00
2020-12-01,188984.00,0.00,20352,1.00
2020-12-02,189912.00,0.00,18912,1.00
2020-12-03,32632.00,0.00,19856,1.00
2020-12-04,44088.00,0.00,21608,1.00
2020-12-05,410768.00,0.00,22896,1.00
2020-12-06,404088.00,0.00,24760,1.00
2020-12-07,7504.00,0.00,22800,1.00
2020-12-08,18720.00,0.00,24288,1.00
2020-12-09,23664.00,0.00,27216,1.00
2020-12-10,18584.00,0.00,25984,1.00
2020-12-11,18608.00,0.00,23616,1.00
2020-12-12,40272.00,0.00,23144,1.00
2020-12-13,34952.00,0.00,21776,1.00
2020-12-14,5352.00,0.00,20320,1.00
2020-12-15,4608.00,0.00,21832,1.00
2020-12-16,808.00,0.00,20752,1.00
2020-12-17,168.00,0.00,17656,1.00
2020-12-18,0.00,0.00,17768,1.00
2020-12-19,8.00,0.00,18648,1.00
2020-12-20,32.00,0.00,18960,1.00
2020-12-21,904.00,0.00,19776,1.00
2020-12-22,880.00,0.00,18672,1.00
2020-12-23,9720.00,0.00,18576,1.00
2020-12-24,44848.00,0.00,23024,1.00
2020-12-25,134088.00,0.00,31912,1.00
2020-12-26,104632.00,0.00,30312,1.00
2020-12-27,5680.00,0.00,18824,1.00
2020-12-28,72.00,0.00,14896,1.00
2020-12-29,13928.00,0.00,20840,1.00
2020-12-30,31896.00,0.00,27760,1.00
2020-12-31,109912.00,0.00,30512,1.00
2021-01-01,91880.00,0.00,22344,1.00
2021-01-02,2176.00,0.00,15200,1.00
2021-01-03,2176.00,0.00,16408,1.00
2021-01-04,5552.00,0.00,18152,1.00
2021-01-05,15128.00,0.00,20968,1.00
2021-01-06,12392.00,0.00,20592,1.00
2021-01-07,58160.00,0.00,30256,1.00
2021-01-08,84616.00,0.00,37464,1.00
2021-01-09,36912.00,0.00,28784,1.00
2021-01-10,7960.00,0.00,21832,1.00
2021-01-11,5784.00,0.00,23120,1.00
2021-01-12,38896.00,0.00,27576,1.00
2021-01-13,33432.00,0.00,28200,1.00
2021-01-14,0.00,0.00,13208,0.81
2021-01-15,81912.00,0.00,2120,0.23
2021-01-16,307152.00,0.00,2288,1.00
2021-01-17,532032.00,0.00,968,1.00
2021-01-18,562800.00,0.00,1376,1.00
2021-01-19,553392.00,0.00,904,1.00
2021-01-20,297536.00,0.00,10808,0.94
2021-01-21,14504.00,0.00,21880,1.00
2021-01-22,20880.00,0.00,23112,1.00
2021-01-23,84008.00,0.00,31904,1.00
2021-01-24,94592.00,0.00,34736,1.00
2021-01-25,17400.00,0.00,24232,1.00
2021-01-26,288.00,0.00,9688,0.83
2021-01-27,47744.00,0.00,7520,0.26
2021-01-28,60032.00,0.00,14784,1.00
2021-01-29,42696.00,0.00,14072,1.00
2021-01-30,48952.00,0.00,17544,1.00
2021-01-31,392552.00,0.00,19768,1.00
2021-02-01,641600.00,0.00,19200,1.00
2021-02-02,295200.00,0.00,22360,1.00
2021-02-03,59952.00,0.00,28448,1.00
2021-02-04,86880.00,0.00,36448,1.00
2021-02-05,105096.00,0.00,33888,1.00
2021-02-06,544224.00,0.00,27488,1.00
2021-02-07,598312.00,0.00,25400,1.00
2021-02-08,261104.00,0.00,22416,1.00
2021-02-09,229064.00,0.00,23352,1.00
2021-02-10,177584.00,0.00,25424,1.00
2021-02-11,221960.00,0.00,24640,1.00
2021-02-12,287712.00,0.00,23776,1.00
2021-02-13,379816.00,0.00,24792,1.00
2021-02-14,432904.00,0.00,23680,1.00
2021-02-15,426584.00,0.00,24944,1.00
2021-02-16,357160.00,0.00,25992,1.00
2021-02-17,392672.00,0.00,24680,1.00
2021-02-18,548552.00,0.00,24088,1.00
2021-02-19,439280.00,0.00,20760,1.00
2021-02-20,245168.00,2144.00,25120,1.00
2021-02-21,224344.00,2144.00,27560,1.00
2021-02-22,222968.00,0.00,22904,1.00
2021-02-23,239472.00,0.00,22776,1.00
2021-02-24,212440.00,0.00,25880,1.00
2021-02-25,175536.00,0.00,30736,1.00
2021-02-26,287544.00,0.00,28408,1.00
2021-02-27,330624.00,0.00,27808,1.00
2021-02-28,194776.00,0.00,34272,1.00
2021-03-01,151616.00,0.00,33520,1.00
2021-03-02,240992.00,0.00,26600,1.00
2021-03-03,295144.00,0.00,27528,1.00
2021-03-04,274056.00,0.00,34432,1.00
2021-03-05,231968.00,0.00,34928,1.00
2021-03-06,189560.00,0.00,31456,1.00
2021-03-07,169104.00,0.00,36872,1.00
2021-03-08,157688.00,0.00,36048,1.00
2021-03-09,177144.00,0.00,26008,1.00
2021-03-10,194712.00,0.00,26160,1.00
2021-03-11,161912.00,0.00,34672,1.00
2021-03-12,150632.00,0.00,42432,1.00
2021-03-13,169464.00,0.00,41808,1.00
2021-03-14,173512.00,0.00,36800,1.00
2021-03-15,185736.00,0.00,37168,1.00
2021-03-16,208016.00,0.00,37112,1.00
2021-03-17,223512.00,0.00,34472,1.00
2021-03-18,220192.00,0.00,36720,1.00
2021-03-19,214944.00,0.00,39616,1.00
2021-03-20,223840.00,0.00,38056,1.00
2021-03-21,214928.00,0.00,35680,1.00
2021-03-22,207648.00,0.00,37856,1.00
2021-03-23,210976.00,0.00,39208,1.00
2021-03-24,219048.00,0.00,39072,1.00
2021-03-25,222608.00,0.00,39808,1.00
2021-03-26,239648.00,0.00,37112,1.00
2021-03-27,256768.00,0.00,37576,1.00
2021-03-28,226216.00,0.00,44136,1.00
2021-03-29,236976.00,0.00,39320,1.00
2021-03-30,250488.00,0.00,33072,1.00
2021-03-31,117360.00,0.00,17184,0.74
2021-04-01,105192.00,0.00,19808,0.26
2021-04-02,207608.00,0.00,42304,1.00
2021-04-03,212168.00,0.00,40800,1.00
2021-04-04,226472.00,0.00,33016,1.00
2021-04-05,239280.00,0.00,33896,1.00
2021-04-06,261416.00,0.00,34240,1.00
2021-04-07,279960.00,0.00,30088,1.00
2021-04-08,271952.00,0.00,32472,1.00
2021-04-09,233840.00,0.00,36936,1.00
2021-04-10,197440.00,0.00,41288,1.00
2021-04-11,190464.00,0.00,40576,1.00
2021-04-12,191872.00,0.00,40720,1.00
2021-04-13,197208.00,0.00,46408,1.00
2021-04-14,202440.00,0.00,48384,1.00
2021-04-15,243272.00,0.00,45224,1.00
2021-04-16,270864.00,0.00,39240,1.00
2021-04-17,245160.00,0.00,38392,1.00
2021-04-18,219752.00,0.00,42248,1.00
2021-04-19,214600.00,0.00,45792,1.00
2021-04-20,264640.00,0.00,43368,1.00
2021-04-21,248264.00,0.00,49616,1.00
2021-04-22,197824.00,0.00,53736,1.00
2021-04-23,200144.00,0.00,44416,1.00
2021-04-24,179912.00,0.00,43264,1.00
2021-04-25,174912.00,0.00,46016,1.00
2021-04-26,174656.00,0.00,50536,1.00
2021-04-27,167392.00,0.00,53840,1.00
2021-04-28,85008.00,0.00,26992,0.74
2021-04-29,86208.00,0.00,27064,0.93
2021-04-30,184144.00,0.00,53768,1.00
2021-05-01,198264.00,0.00,51912,1.00
2021-05-02,189480.00,0.00,50424,1.00
2021-05-03,152384.00,0.00,92880,1.00
2021-05-04,137536.00,0.00,102552,1.00
2021-05-05,150528.00,0.00,63352,1.00
2021-05-06,151168.00,0.00,60296,1.00
2021-05-07,151608.00,0.00,72632,1.00
2021-05-08,154096.00,0.00,76920,1.00
2021-05-09,140808.00,0.00,67056,1.00
2021-05-10,127296.00,0.00,64000,1.00
2021-05-11,129432.00,0.00,67968,1.00
2021-05-12,117136.00,0.00,74264,1.00
2021-05-13,110776.00,0.00,78976,1.00
2021-05-14,113896.00,0.00,101328,1.00
2021-05-15,89368.00,0.00,128904,1.00
2021-05-16,101520.00,0.00,118928,1.00
2021-05-17,164472.00,0.00,106128,1.00
2021-05-18,189280.00,0.00,95832,1.00
2021-05-19,157272.00,0.00,90848,1.00
2021-05-20,148600.00,0.00,89032,1.00
2021-05-21,160896.00,0.00,71872,1.00
2021-05-22,214112.00,0.00,51288,1.00
2021-05-23,299072.00,0.00,37784,1.00
2021-05-24,286640.00,0.00,38216,1.00
2021-05-25,277008.00,0.00,34712,1.00
2021-05-26,260584.00,0.00,41880,1.00
2021-05-27,203848.00,0.00,56536,1.00
2021-05-28,233280.00,0.00,48768,1.00
2021-05-29,288352.00,0.00,34568,1.00
2021-05-30,300872.00,0.00,31088,1.00
2021-05-31,284880.00,0.00,31768,1.00
2021-06-01,239768.00,0.00,51736,1.00
2021-06-02,128928.00,0.00,105392,1.00
2021-06-03,41304.00,0.00,147200,1.00
2021-06-04,26368.00,0.00,156544,1.00
2021-06-05,18120.00,0.00,152400,1.00
2021-06-06,30728.00,0.00,149976,1.00
2021-06-07,33944.00,0.00,150656,1.00
2021-06-08,26360.00,0.00,149928,0.48
2021-06-09,38184.00,0.00,156336,1.00
2021-06-10,32432.00,0.00,153200,1.00
2021-06-11,24792.00,0.00,166208,1.00
2021-06-12,21472.00,0.00,238496,1.00
2021-06-13,19208.00,0.00,212952,1.00
2021-06-14,31728.00,0.00,138832,1.00
2021-06-15,36440.00,0.00,149080,1.00
2021-06-16,23048.00,0.00,165624,1.00
2021-06-17,16200.00,0.00,185096,1.00
2021-06-18,32048.00,0.00,169480,1.00
2021-06-19,64952.00,0.00,158488,1.00
2021-06-20,112064.00,0.00,252488,1.00
2021-06-21,155752.00,0.00,266536,1.00
2021-06-22,147160.00,0.00,199808,1.00
2021-06-23,104224.00,0.00,193328,1.00
2021-06-24,76560.00,0.00,183064,1.00
2021-06-25,82624.00,0.00,171616,1.00
2021-06-26,91136.00,0.00,157592,1.00
2021-06-27,90704.00,0.00,145992,1.00
2021-06-28,103224.00,0.00,135048,1.00
2021-06-29,111744.00,0.00,127616,1.00
2021-06-30,143544.00,0.00,121728,1.00
2021-07-01,149064.00,0.00,115536,1.00
2021-07-02,127312.00,0.00,111224,1.00
2021-07-03,111672.00,0.00,124512,1.00
2021-07-04,75568.00,0.00,163416,1.00
2021-07-05,75984.00,0.00,172256,1.00
2021-07-06,102696.00,0.00,180696,1.00
2021-07-07,103456.00,0.00,193376,1.00
2021-07-08,120840.00,0.00,189600,1.00
2021-07-09,152720.00,0.00,176560,1.00
2021-07-10,158848.00,0.00,153216,0.83
2021-07-11,147704.00,0.00,146640,1.00
2021-07-12,122936.00,0.00,151896,1.00
2021-07-13,96896.00,0.00,166256,1.00
2021-07-14,109360.00,0.00,165384,1.00
2021-07-15,117568.00,0.00,161256,1.00
2021-07-16,76352.00,0.00,162328,1.00
2021-07-17,61984.00,0.00,156576,1.00
2021-07-18,129792.00,0.00,153736,1.00
2021-07-19,179224.00,0.00,148904,1.00
2021-07-20,151760.00,0.00,135560,1.00
2021-07-21,111344.00,0.00,136912,1.00
2021-07-22,165760.00,0.00,166504,1.00
2021-07-23,211600.00,0.00,183000,1.00
2021-07-24,185176.00,0.00,161424,1.00
2021-07-25,188232.00,0.00,141656,1.00
2021-07-26,187352.00,0.00,147184,1.00
2021-07-27,207272.00,0.00,167768,1.00
2021-07-28,156320.00,0.00,180784,1.00
2021-07-29,103608.00,0.00,194920,1.00
2021-07-30,175648.00,0.00,189288,1.00
2021-07-31,234248.00,0.00,168720,1.00
2021-08-01,266112.00,0.00,168552,1.00
2021-08-02,338336.00,0.00,171296,1.00
2021-08-03,416232.00,0.00,161136,1.00
2021-08-04,417304.00,0.00,151848,1.00
2021-08-05,389200.00,0.00,146784,1.00
2021-08-06,411792.00,0.00,132336,1.00
2021-08-07,448024.00,0.00,121888,1.00
2021-08-08,480056.00,0.00,117616,1.00
2021-08-09,481480.00,0.00,117472,1.00
2021-08-10,372016.00,0.00,134136,1.00
2021-08-11,364064.00,0.00,138704,1.00
2021-08-12,430080.00,0.00,130520,1.00
2021-08-13,404808.00,0.00,134920,0.81
2021-08-14,377552.00,0.00,137368,1.00
2021-08-15,353984.00,0.00,138544,1.00
2021-08-16,388320.00,0.00,134432,1.00
2021-08-17,449064.00,0.00,127856,1.00
2021-08-18,458280.00,0.00,120240,1.00
2021-08-19,446288.00,0.00,122680,1.00
2021-08-20,439304.00,0.00,126544,1.00
2021-08-21,431280.00,0.00,121832,1.00
2021-08-22,384920.00,0.00,123440,1.00
2021-08-23,326744.00,0.00,136512,1.00
2021-08-24,309248.00,0.00,149040,1.00
2021-08-25,289144.00,0.00,160336,1.00
2021-08-26,251720.00,0.00,173280,1.00
2021-08-27,302200.00,0.00,176656,1.00
2021-08-28,551664.00,0.00,165432,1.00
2021-08-29,624552.00,0.00,138776,1.00
2021-08-30,461264.00,0.00,125160,1.00
2021-08-31,433848.00,0.00,128664,1.00
2021-09-01,444320.00,0.00,128408,1.00
2021-09-02,446512.00,0.00,127088,1.00
2021-09-03,431016.00,0.00,135408,1.00
2021-09-04,364464.00,0.00,140208,1.00
2021-09-05,353912.00,0.00,137152,1.00
2021-09-06,328928.00,0.00,144904,1.00
2021-09-07,282632.00,0.00,160280,1.00
2021-09-08,250032.00,0.00,170856,1.00
2021-09-09,256360.00,0.00,179936,1.00
2021-09-10,203696.00,0.00,191736,1.00
2021-09-11,83144.00,0.00,218856,1.00
2021-09-12,31160.00,0.00,260400,1.00
2021-09-13,15072.00,0.00,284944,1.00
2021-09-14,10896.00,0.00,299680,1.00
2021-09-15,2656.00,0.00,327672,1.00
2021-09-16,1352.00,0.00,340656,1.00
2021-09-17,968.00,0.00,325536,1.00
2021-09-18,672.00,0.00,318216,1.00
2021-09-19,520.00,0.00,306872,1.00
2021-09-20,240.00,0.00,304376,1.00
2021-09-21,168.00,0.00,302232,1.00
2021-09-22,768.00,0.00,294736,1.00
2021-09-23,1064.00,0.00,304424,1.00
2021-09-24,624.00,0.00,300296,1.00
2021-09-25,336.00,0.00,302832,1.00
2021-09-26,224.00,0.00,315008,1.00
2021-09-27,224.00,0.00,315088,1.00
2021-09-28,264.00,0.00,303328,1.00
2021-09-29,304.00,0.00,304224,1.00
2021-09-30,632.00,0.00,311832,1.00
2021-10-01,880.00,0.00,313656,1.00
2021-10-02,2992.00,0.00,307016,1.00
2021-10-03,5456.00,0.00,302824,1.00
2021-10-04,3800.00,0.00,301920,1.00
2021-10-05,2008.00,0.00,294984,1.00
2021-10-06,3704.00,0.00,304288,1.00
2021-10-07,4200.00,0.00,315440,1.00
2021-10-08,3984.00,0.00,315432,1.00
2021-10-09,4968.00,0.00,302288,1.00
2021-10-10,4664.00,0.00,301880,1.00
2021-10-11,4840.00,0.00,317112,1.00
2021-10-12,5272.00,0.00,320976,1.00
2021-10-13,7768.00,0.00,312560,1.00
2021-10-14,7760.00,0.00,311720,1.00
2021-10-15,4280.00,0.00,321360,1.00
2021-10-16,3064.00,0.00,316608,1.00
2021-10-17,6792.00,0.00,298888,1.00
2021-10-18,10216.00,0.00,303992,1.00
2021-10-19,10928.00,0.00,306400,1.00
2021-10-20,15344.00,0.00,288120,1.00
2021-10-21,15104.00,0.00,293160,1.00
2021-10-22,9080.00,0.00,318576,1.00
2021-10-23,13160.00,0.00,312808,1.00
2021-10-24,20608.00,0.00,282688,1.00
2021-10-25,58424.00,0.00,267376,1.00
2021-10-26,165992.00,0.00,252040,1.00
2021-10-27,199104.00,0.00,229584,1.00
2021-10-28,181800.00,0.00,216896,1.00
2021-10-29,269496.00,0.00,217200,1.00
2021-10-30,168672.00,0.00,109680,0.95
2021-10-31,148824.00,8.00,100544,0.15
2021-11-01,263144.00,8.00,199208,1.00
2021-11-02,255272.00,0.00,200936,1.00
2021-11-03,245160.00,0.00,207056,1.00
2021-11-04,175248.00,0.00,214936,1.00
2021-11-05,87576.00,0.00,242288,1.00
2021-11-06,17080.00,0.00,293200,1.00
2021-11-07,2448.00,0.00,314208,1.00
2021-11-08,5648.00,0.00,315552,1.00
2021-11-09,7312.00,0.00,334848,1.00
2021-11-10,7688.00,0.00,333768,1.00
2021-11-11,6128.00,0.00,339072,1.00
2021-11-12,3608.00,0.00,351400,1.00
2021-11-13,2816.00,0.00,340360,1.00
2021-11-14,3560.00,0.00,330976,1.00
2021-11-15,3480.00,0.00,336128,1.00
2021-11-16,2128.00,0.00,345992,1.00
2021-11-17,1792.00,0.00,329568,1.00
2021-11-18,1640.00,0.00,302928,1.00
2021-11-19,1376.00,0.00,300696,1.00
2021-11-20,864.00,0.00,312896,1.00
2021-11-21,752.00,0.00,325904,1.00
2021-11-22,1104.00,0.00,355232,1.00
2021-11-23,1848.00,0.00,354384,1.00
2021-11-24,2168.00,0.00,342728,1.00
2021-11-25,1224.00,0.00,338176,1.00
2021-11-26,888.00,0.00,327920,1.00
2021-11-27,1104.00,0.00,328600,1.00
2021-11-28,1392.00,0.00,323536,1.00
2021-11-29,1272.00,0.00,325520,1.00
2021-11-30,57616.00,0.00,371456,1.00
2021-12-01,147200.00,0.00,534520,1.00
2021-12-02,149048.00,0.00,655856,1.00
2021-12-03,148304.00,0.00,644784,1.00
2021-12-04,175408.00,0.00,602920,1.00
2021-12-05,170352.00,0.00,568904,1.00
2021-12-06,150104.00,0.00,539032,1.00
2021-12-07,201840.00,0.00,529008,1.00
2021-12-08,252704.00,0.00,547056,1.00
2021-12-09,230912.00,0.00,575144,1.00
2021-12-10,162520.00,0.00,572472,1.00
2021-12-11,65944.00,0.00,553600,1.00
2021-12-12,209456.00,0.00,756656,1.00
2021-12-13,535536.00,0.00,1210728,1.00
2021-12-14,676432.00,0.00,1489384,1.00
2021-12-15,652552.00,0.00,1528056,1.00
2021-12-16,657736.00,0.00,1592960,1.00
2021-12-17,606768.00,0.00,1627112,1.00
2021-12-18,495512.00,0.00,1566040,1.00
2021-12-19,434232.00,0.00,1492152,1.00
2021-12-20,411232.00,5072.00,1473232,1.00
2021-12-21,406632.00,5080.00,1470720,1.00
2021-12-22,444520.00,8.00,1498952,1.00
2021-12-23,630992.00,0.00,1618936,1.00
2021-12-24,786984.00,0.00,1744600,1.00
2021-12-25,642064.00,0.00,1696352,1.00
2021-12-26,451944.00,0.00,1554480,1.00
2021-12-27,381328.00,0.00,1554912,1.00
2021-12-28,429176.00,273464.00,1845040,1.00
2021-12-29,408008.00,273464.00,1914864,1.00
2021-12-30,304920.00,0.00,1623152,1.00
2021-12-31,301856.00,0.00,1472304,1.00
2022-01-01,292504.00,0.00,1414664,1.00
2022-01-02,253368.00,0.00,1379288,1.00
2022-01-03,186464.00,0.00,1376056,1.00
2022-01-04,102376.00,0.00,1394096,1.00
2022-01-05,45584.00,0.00,1405888,1.00
2022-01-06,69584.00,2952.00,1409328,1.00
2022-01-07,66616.00,2952.00,1353408,1.00
2022-01-08,36496.00,0.00,1263368,1.00
2022-01-09,52560.00,0.00,1267312,1.00
2022-01-10,82776.00,0.00,1297080,1.00
2022-01-11,90712.00,0.00,1331960,1.00
2022-01-12,104624.00,0.00,1411000,1.00
2022-01-13,87832.00,0.00,1484968,1.00
2022-01-14,38336.00,0.00,1548888,1.00
2022-01-15,24104.00,0.00,1531920,1.00
2022-01-16,22016.00,0.00,1459376,1.00
2022-01-17,19616.00,0.00,1415480,1.00
2022-01-18,16120.00,0.00,1430616,1.00
2022-01-19,18904.00,0.00,1448136,1.00
2022-01-20,30368.00,0.00,1453256,1.00
2022-01-21,31280.00,0.00,1473112,1.00
2022-01-22,18136.00,0.00,1423600,1.00
2022-01-23,27608.00,17976.00,1357224,1.00
2022-01-24,42040.00,40008.00,1396272,1.00
2022-01-25,34928.00,22032.00,1365096,1.00
2022-01-26,38616.00,0.00,1337568,1.00
2022-01-27,56360.00,1304.00,1446688,1.00
2022-01-28,30688.00,1304.00,745896,0.85
2022-01-29,50640.00,0.00,768016,0.19
2022-01-30,76552.00,0.00,1519552,1.00
2022-01-31,54504.00,2936.00,1559000,1.00
2022-02-01,48760.00,2936.00,1603600,1.00
2022-02-02,30800.00,0.00,1563912,1.00
2022-02-03,37944.00,0.00,1561424,1.00
2022-02-04,43984.00,0.00,1653968,1.00
2022-02-05,25456.00,0.00,1670024,1.00
2022-02-06,17504.00,0.00,1533384,1.00
2022-02-07,27744.00,0.00,1490032,1.00
2022-02-08,32040.00,0.00,1528152,1.00
2022-02-09,17992.00,16.00,1506024,1.00
2022-02-10,16544.00,7344.00,1492504,1.00
2022-02-11,16856.00,7328.00,1447888,1.00
2022-02-12,6760.00,0.00,1341872,1.00
2022-02-13,2872.00,0.00,1205448,1.00
2022-02-14,5144.00,0.00,1195104,1.00
2022-02-15,27912.00,0.00,1372752,1.00
2022-02-16,78432.00,0.00,1582616,1.00
2022-02-17,311368.00,832856.00,1887208,1.00
2022-02-18,326344.00,832856.00,1914488,1.00
2022-02-19,120760.00,9560.00,1711960,1.00
2022-02-20,100808.00,9560.00,1643864,1.00
2022-02-21,107000.00,0.00,1620136,1.00
2022-02-22,111856.00,0.00,1683552,1.00
2022-02-23,92400.00,0.00,1727784,1.00
2022-02-24,102424.00,0.00,1753104,1.00
2022-02-25,836432.00,35776.00,1970248,1.00
2022-02-26,1422640.00,41248.00,2297616,1.00
2022-02-27,994128.00,5472.00,2453960,1.00
2022-02-28,449520.00,0.00,2443208,1.00
2022-03-01,204416.00,0.00,2425232,1.00
2022-03-02,205816.00,0.00,2441192,1.00
2022-03-03,328208.00,0.00,2596912,1.00
2022-03-04,405600.00,0.00,2865472,1.00
2022-03-05,218904.00,0.00,2763384,1.00
2022-03-06,60824.00,0.00,2532520,1.00
2022-03-07,27720.00,0.00,2445760,1.00
2022-03-08,7160.00,0.00,2344384,1.00
2022-03-09,9872.00,0.00,2233792,1.00
2022-03-10,3952.00,0.00,1075192,0.81
2022-03-11,7096.00,8.00,1277000,0.33
2022-03-12,7096.00,8.00,2353224,1.00
2022-03-13,0.00,0.00,2128560,1.00
2022-03-14,0.00,0.00,2111064,1.00
2022-03-15,0.00,0.00,2135440,1.00
2022-03-16,18376.00,0.00,4589504,1.00
2022-03-17,18624.00,0.00,5896840,1.00
2022-03-18,248.00,0.00,3897728,1.00
2022-03-19,0.00,0.00,2528432,1.00
2022-03-20,0.00,0.00,1943096,1.00
2022-03-21,0.00,0.00,1844248,1.00
2022-03-22,0.00,0.00,1865544,1.00
2022-03-23,0.00,0.00,1910000,1.00
2022-03-24,0.00,0.00,1999008,1.00
2022-03-25,0.00,0.00,2142792,1.00
2022-03-26,216.00,0.00,2149800,1.00
2022-03-27,216.00,0.00,2084968,1.00
2022-03-28,0.00,0.00,2059536,1.00
2022-03-29,0.00,0.00,2066680,1.00
2022-03-30,0.00,0.00,2063552,1.00
2022-03-31,0.00,0.00,2111592,1.00
2022-04-01,0.00,0.00,2263016,1.00
2022-04-02,32.00,0.00,2287576,1.00
2022-04-03,192.00,0.00,2188824,1.00
2022-04-04,39256.00,0.00,2604944,1.00
2022-04-05,41208.00,0.00,2732048,1.00
2022-04-06,2112.00,0.00,2102824,1.00
2022-04-07,0.00,0.00,1707896,1.00
2022-04-08,0.00,0.00,1537280,1.00
2022-04-09,0.00,0.00,1434176,1.00
2022-04-10,0.00,0.00,1373040,1.00
2022-04-11,0.00,0.00,1337528,1.00
2022-04-12,0.00,0.00,1383688,1.00
2022-04-13,0.00,0.00,1415272,1.00
2022-04-14,0.00,0.00,1395688,1.00
2022-04-15,0.00,0.00,1413888,1.00
2022-04-16,0.00,0.00,1422840,1.00
2022-04-17,0.00,0.00,1363880,1.00
2022-04-18,0.00,0.00,1282960,1.00
2022-04-19,0.00,0.00,1258168,1.00
2022-04-20,0.00,0.00,1271888,1.00
2022-04-21,0.00,0.00,1317152,1.00
2022-04-22,0.00,0.00,1362680,1.00
2022-04-23,0.00,0.00,1359016,1.00
2022-04-24,0.00,0.00,1349976,1.00
2022-04-25,0.00,0.00,1370592,1.00
2022-04-26,0.00,0.00,1380872,1.00
2022-04-27,0.00,0.00,1411360,1.00
2022-04-28,0.00,0.00,1472536,1.00
2022-04-29,0.00,0.00,1524760,1.00
2022-04-30,0.00,0.00,1553648,1.00
2022-05-01,8.00,0.00,1536184,1.00
2022-05-02,64.00,0.00,1529352,1.00
2022-05-03,88.00,0.00,1528992,1.00
2022-05-04,32.00,0.00,1516456,1.00
2022-05-05,0.00,0.00,1544784,1.00
2022-05-06,0.00,0.00,1572752,1.00
2022-05-07,0.00,0.00,1526824,1.00
2022-05-08,0.00,0.00,1522888,1.00
2022-05-09,0.00,0.00,1567160,1.00
2022-05-10,0.00,0.00,1561352,1.00
2022-05-11,0.00,0.00,1519768,1.00
2022-05-12,0.00,0.00,1475368,1.00
2022-05-13,0.00,0.00,1483256,1.00
2022-05-14,0.00,0.00,1467160,1.00
2022-05-15,0.00,0.00,1445488,1.00
2022-05-16,0.00,0.00,1431936,1.00
2022-05-17,0.00,0.00,1422856,1.00
2022-05-18,0.00,0.00,1295176,1.00
2022-05-19,0.00,0.00,1317968,1.00
2022-05-20,0.00,0.00,1500616,1.00
2022-05-21,0.00,0.00,1525960,1.00
2022-05-22,0.00,0.00,1496184,1.00
2022-05-23,0.00,0.00,1461000,1.00
2022-05-24,0.00,0.00,1462320,1.00
2022-05-25,0.00,0.00,1487288,1.00
2022-05-26,8.00,0.00,1530184,1.00
2022-05-27,8.00,0.00,1553528,1.00
2022-05-28,696.00,0.00,1530344,1.00
2022-05-29,2656.00,0.00,1494184,1.00
2022-05-30,7312.00,0.00,1501848,1.00
2022-05-31,26480.00,0.00,1549512,1.00
2022-06-01,108344.00,0.00,1591776,1.00
2022-06-02,210304.00,0.00,1626192,1.00
2022-06-03,257384.00,0.00,1638048,1.00
2022-06-04,295616.00,0.00,1588576,1.00
2022-06-05,413600.00,0.00,1536008,1.00
2022-06-06,574232.00,0.00,1547616,1.00
2022-06-07,659544.00,0.00,1548544,1.00
2022-06-08,337592.00,0.00,760536,0.67
2022-06-09,0.00,0.00,852616,0.62
2022-06-10,0.00,0.00,1729680,1.00
2022-06-11,26577504.00,265016.00,2289576,1.00
2022-06-12,26645544.00,292360.00,2324312,1.00
2022-06-13,68040.00,27344.00,1883544,1.00
2022-06-14,0.00,0.00,1949168,1.00
2022-06-15,203704.00,55712.00,1946072,1.00
2022-06-16,221216.00,55712.00,1849792,1.00
2022-06-17,17512.00,0.00,1728184,1.00
2022-06-18,0.00,0.00,1672440,1.00
2022-06-19,65576.00,0.00,1684528,1.00
2022-06-20,86432.00,0.00,1901080,1.00
2022-06-21,23952.00,8.00,3089552,0.72
2022-06-22,4904.00,8.00,3826808,1.00
2022-06-23,3000.00,0.00,3096696,1.00
2022-06-24,3448.00,0.00,2708576,1.00
2022-06-25,2256.00,0.00,2373904,1.00
2022-06-26,14992.00,0.00,2274696,1.00
2022-06-27,62024.00,0.00,3196416,1.00
2022-06-28,83016.00,0.00,3618344,1.00
2022-06-29,147008.00,0.00,3341808,1.00
2022-06-30,365848.00,0.00,3236328,1.00
2022-07-01,685904.00,0.00,3101016,1.00
2022-07-02,574888.00,0.00,3160416,1.00
2022-07-03,143808.00,0.00,3295736,1.00
2022-07-04,0.00,0.00,3249200,1.00
2022-07-05,0.00,0.00,3283760,1.00
2022-07-06,0.00,0.00,3323784,1.00
2022-07-07,0.00,0.00,3324472,1.00
2022-07-08,16.00,0.00,3328128,1.00
2022-07-09,16.00,0.00,3279184,1.00
2022-07-10,0.00,0.00,3223056,1.00
2022-07-11,0.00,0.00,3196032,1.00
2022-07-12,0.00,0.00,3111440,1.00
2022-07-13,0.00,0.00,2943016,1.00
2022-07-14,0.00,0.00,2850992,1.00
2022-07-15,0.00,0.00,2869432,1.00
2022-07-16,72.00,0.00,3194944,1.00
2022-07-17,80.00,0.00,3499040,1.00
2022-07-18,16.00,0.00,3476024,1.00
2022-07-19,8.00,0.00,3436352,1.00
2022-07-20,24.00,0.00,3454088,1.00
2022-07-21,24.00,0.00,1752360,0.67
2022-07-22,0.00,0.00,1825408,0.54
2022-07-23,16.00,0.00,3526320,1.00
2022-07-24,16.00,0.00,3388368,1.00
2022-07-25,0.00,0.00,3317776,1.00
2022-07-26,0.00,0.00,3315096,1.00
2022-07-27,0.00,0.00,3304136,1.00
2022-07-28,0.00,0.00,2908664,1.00
2022-07-29,112.00,0.00,2888696,1.00
2022-07-30,112.00,0.00,3123008,1.00
2022-07-31,0.00,0.00,3087072,1.00
2022-08-01,0.00,0.00,2766824,1.00
2022-08-02,0.00,0.00,2191472,1.00
2022-08-03,0.00,0.00,2026248,1.00
2022-08-04,40.00,0.00,2350120,1.00
2022-08-05,128.00,0.00,3029272,1.00
2022-08-06,112.00,0.00,3452128,1.00
2022-08-07,544.00,0.00,3412144,1.00
2022-08-08,2240.00,0.00,3568392,1.00
2022-08-09,2136.00,0.00,3779400,1.00
2022-08-10,568.00,0.00,3780744,1.00
2022-08-11,704.00,0.00,3803216,1.00
2022-08-12,1256.00,0.00,3853568,1.00
2022-08-13,1648.00,0.00,3822312,1.00
2022-08-14,2120.00,0.00,3744888,1.00
2022-08-15,5768.00,0.00,3797208,1.00
2022-08-16,8168.00,0.00,3775096,1.00
2022-08-17,4704.00,0.00,3664224,1.00
2022-08-18,1872.00,0.00,3620424,1.00
2022-08-19,1512.00,0.00,3594872,1.00
2022-08-20,1488.00,0.00,3589424,1.00
2022-08-21,888.00,0.00,3540928,1.00
2022-08-22,240.00,0.00,3466464,1.00
2022-08-23,376.00,0.00,3462272,1.00
2022-08-24,584.00,0.00,3482888,1.00
2022-08-25,400.00,0.00,3457528,1.00
2022-08-26,528.00,0.00,3551832,1.00
2022-08-27,792.00,0.00,3602960,1.00
2022-08-28,2312.00,0.00,3574536,1.00
2022-08-29,3296.00,0.00,3645656,1.00
2022-08-30,2560.00,0.00,3730912,1.00
2022-08-31,1920.00,0.00,3700760,1.00
2022-09-01,2504.00,0.00,3682552,1.00
2022-09-02,3336.00,0.00,3778616,1.00
2022-09-03,3360.00,0.00,3796024,1.00
2022-09-04,3392.00,0.00,3705672,1.00
2022-09-05,2472.00,0.00,3588456,1.00
2022-09-06,2584.00,0.00,3642264,1.00
2022-09-07,4048.00,0.00,3747416,1.00
2022-09-08,4888.00,0.00,3793008,1.00
2022-09-09,5928.00,0.00,3860208,1.00
2022-09-10,6864.00,0.00,3824104,1.00
2022-09-11,5824.00,0.00,3743720,1.00
2022-09-12,5872.00,0.00,3684560,1.00
2022-09-13,5152.00,0.00,3638432,1.00
2022-09-14,3456.00,0.00,3532440,1.00
2022-09-15,2176.00,0.00,3594456,1.00
2022-09-16,3784.00,0.00,4212448,1.00
2022-09-17,5496.00,0.00,4493448,1.00
2022-09-18,4328.00,0.00,4196680,1.00
2022-09-19,4544.00,0.00,4023728,1.00
2022-09-20,3520.00,0.00,3978592,1.00
2022-09-21,1826984.00,737912.00,5393416,1.00
2022-09-22,16652384.00,1736200.00,9260232,1.00
2022-09-23,31681976.00,1328944.00,11647904,1.00
2022-09-24,32386296.00,334352.00,11701208,1.00
2022-09-25,27551576.00,3696.00,11587208,1.00
2022-09-26,17156976.00,0.00,11817648,0.86
2022-09-27,5136368.00,0.00,6139984,0.61
2022-09-28,2858016.00,13208.00,6474696,0.66
2022-09-29,6714344.00,75496.00,13313056,1.00
2022-09-30,6985680.00,92544.00,13801272,0.94
2022-10-01,7484112.00,56552.00,15453656,1.00
2022-10-02,10190624.00,67152.00,18022760,1.00
2022-10-03,18819168.00,44136.00,18675664,0.87
2022-10-04,20366784.00,4768.00,17457064,1.00
2022-10-05,7637896.00,1488.00,15559000,1.00
2022-10-06,298008.00,16672.00,13375576,0.75
2022-10-07,58736.00,16672.00,11178408,1.00
2022-10-08,30608.00,0.00,10819408,1.00
2022-10-09,15576.00,0.00,11647192,1.00
2022-10-10,656.00,8.00,11921240,1.00
2022-10-11,185048.00,61440.00,10241216,1.00
2022-10-12,187568.00,61432.00,10047080,1.00
2022-10-13,3448.00,0.00,11394320,1.00
2022-10-14,4896.00,0.00,9801224,1.00
2022-10-15,4784.00,0.00,9589016,1.00
2022-10-16,272.00,0.00,5331208,0.79
2022-10-17,0.00,0.00,5440192,0.49
2022-10-18,1928.00,0.00,10485264,1.00
2022-10-19,1928.00,0.00,10157056,1.00
2022-10-20,0.00,0.00,9815008,1.00
2022-10-21,0.00,0.00,9298432,1.00
2022-10-22,0.00,0.00,9263088,1.00
2022-10-23,0.00,0.00,9077984,1.00
2022-10-24,0.00,0.00,8546392,1.00
2022-10-25,13616.00,8480.00,8328064,0.82
2022-10-26,13616.00,8480.00,8336264,1.00
2022-10-27,0.00,0.00,8187464,1.00
2022-10-28,0.00,0.00,8052288,1.00
2022-10-29,0.00,0.00,7925720,1.00
2022-10-30,0.00,0.00,7456424,1.00
2022-10-31,0.00,0.00,6879336,1.00
2022-11-01,0.00,0.00,6722032,1.00
2022-11-02,0.00,0.00,7280992,1.00
2022-11-03,0.00,0.00,8292360,1.00
2022-11-04,0.00,0.00,8872968,1.00
2022-11-05,0.00,0.00,9000056,1.00
2022-11-06,0.00,0.00,8880888,1.00
2022-11-07,0.00,0.00,8816304,1.00
2022-11-08,24.00,0.00,8996960,1.00
2022-11-09,400.00,0.00,9067104,1.00
2022-11-10,376.00,0.00,9248952,1.00
2022-11-11,0.00,0.00,9900808,1.00
2022-11-12,0.00,0.00,10085272,1.00
2022-11-13,0.00,0.00,9642840,1.00
2022-11-14,40.00,0.00,9856584,1.00
2022-11-15,8184.00,0.00,10935232,1.00
2022-11-16,60168.00,0.00,12134824,1.00
2022-11-17,61104.00,0.00,12198080,1.00
2022-11-18,13704.00,0.00,11847272,1.00
2022-11-19,4768.00,0.00,11341424,1.00
2022-11-20,144.00,0.00,10406656,1.00
2022-11-21,22808.00,0.00,10082096,1.00
2022-11-22,22840.00,0.00,10790592,1.00
2022-11-23,32.00,0.00,11701488,1.00
2022-11-24,744.00,0.00,12219160,1.00
2022-11-25,872.00,0.00,13219400,1.00
2022-11-26,144.00,0.00,13865304,1.00
2022-11-27,728.00,0.00,13483152,1.00
2022-11-28,2616.00,0.00,13214000,1.00
2022-11-29,2216.00,0.00,13104568,1.00
2022-11-30,624.00,0.00,12669224,1.00
2022-12-01,368.00,0.00,12227344,1.00
2022-12-02,88.00,0.00,11913824,1.00
2022-12-03,32.00,0.00,11666944,1.00
2022-12-04,0.00,0.00,11483792,1.00
2022-12-05,68944.00,0.00,11551192,1.00
2022-12-06,92488.00,0.00,11795368,1.00
2022-12-07,399352.00,0.00,13070688,1.00
2022-12-08,1349528.00,0.00,14382592,1.00
2022-12-09,2407976.00,0.00,14762920,1.00
2022-12-10,2737736.00,0.00,14707168,1.00
2022-12-11,2522960.00,0.00,14430080,1.00
2022-12-12,2837704.00,0.00,14953056,1.00
2022-12-13,3934344.00,0.00,15714016,1.00
2022-12-14,4576528.00,0.00,15936928,1.00
2022-12-15,4613024.00,0.00,15895592,1.00
2022-12-16,4488328.00,0.00,16203120,1.00
2022-12-17,4165432.00,0.00,16433776,1.00
2022-12-18,4271824.00,0.00,16116168,1.00
2022-12-19,3833832.00,0.00,16171496,1.00
2022-12-20,3074928.00,0.00,16187832,1.00
2022-12-21,2955736.00,0.00,16128776,1.00
2022-12-22,3997992.00,0.00,16269648,1.00
2022-12-23,5779512.00,0.00,16467488,1.00
2022-12-24,7156848.00,0.00,16687424,1.00
2022-12-25,7739200.00,0.00,16683760,1.00
2022-12-26,7655392.00,0.00,16645960,1.00
2022-12-27,8260816.00,0.00,16921424,1.00
2022-12-28,9183600.00,0.00,17203848,1.00
2022-12-29,9707752.00,0.00,17490216,1.00
2022-12-30,11218224.00,0.00,17976864,1.00
2022-12-31,13128848.00,0.00,18289576,1.00
2023-01-01,13496360.00,0.00,18589512,1.00
2023-01-02,13337792.00,0.00,18834112,1.00
2023-01-03,13949888.00,0.00,19027416,1.00
2023-01-04,13048008.00,0.00,19092392,1.00
2023-01-05,10856688.00,0.00,19059584,1.00
2023-01-06,11282952.00,0.00,19156688,1.00
2023-01-07,11012928.00,0.00,19041792,1.00
2023-01-08,10693104.00,0.00,18765872,1.00
2023-01-09,14315152.00,0.00,18670912,1.00
2023-01-10,17862448.00,0.00,18648512,1.00
2023-01-11,14920144.00,0.00,18621824,1.00
2023-01-12,12181280.00,0.00,18583856,1.00
2023-01-13,15175424.00,0.00,18724280,1.00
2023-01-14,17315400.00,0.00,18730840,1.00
2023-01-15,17965080.00,0.00,18755288,1.00
2023-01-16,12288376.00,0.00,18213104,1.00
2023-01-17,5595712.00,0.00,17448136,1.00
2023-01-18,5310480.00,0.00,16934184,1.00
2023-01-19,4980640.00,0.00,16522296,1.00
2023-01-20,4068120.00,0.00,16811728,1.00
2023-01-21,4324096.00,0.00,17028424,1.00
2023-01-22,4430088.00,0.00,17054656,1.00
2023-01-23,5686792.00,0.00,17259088,1.00
2023-01-24,9615288.00,0.00,17706408,1.00
2023-01-25,11660680.00,0.00,18004912,1.00
2023-01-26,14235936.00,0.00,17882208,1.00
2023-01-27,15566872.00,0.00,17954424,1.00
2023-01-28,14939760.00,0.00,18284320,1.00
2023-01-29,15576352.00,0.00,18466400,1.00
2023-01-30,15561872.00,0.00,18391232,1.00
2023-01-31,15670176.00,0.00,18307512,1.00
2023-02-01,14802680.00,0.00,18208728,1.00
2023-02-02,14799176.00,0.00,17961808,1.00
2023-02-03,17447016.00,0.00,17972336,1.00
2023-02-04,18687768.00,0.00,18230432,1.00
2023-02-05,17353312.00,0.00,18060944,1.00
2023-02-06,16354992.00,0.00,17752408,1.00
2023-02-07,16273536.00,0.00,17734168,1.00
2023-02-08,19291560.00,0.00,17389032,1.00
2023-02-09,19073104.00,0.00,17059592,1.00
2023-02-10,17468320.00,0.00,17073080,1.00
2023-02-11,19255352.00,0.00,16896392,1.00
2023-02-12,19574200.00,848.00,16865984,1.00
2023-02-13,18525056.00,848.00,17033184,1.00
2023-02-14,17344416.00,0.00,17107616,1.00
2023-02-15,14648064.00,0.00,16839336,1.00
2023-02-16,12633680.00,0.00,16520360,1.00
2023-02-17,11778544.00,0.00,16548080,1.00
2023-02-18,9809184.00,0.00,16342792,1.00
2023-02-19,9887888.00,0.00,16166968,1.00
2023-02-20,12259880.00,0.00,16246248,1.00
2023-02-21,16831264.00,0.00,16392080,1.00
2023-02-22,18605416.00,0.00,16377640,1.00
2023-02-23,16650592.00,0.00,16107144,1.00
2023-02-24,16020624.00,0.00,16221128,1.00
2023-02-25,16134352.00,0.00,16401216,1.00
2023-02-26,15435776.00,0.00,16061256,1.00
2023-02-27,14025952.00,0.00,15860408,1.00
2023-02-28,13502880.00,0.00,15923408,1.00
2023-03-01,13316344.00,0.00,15634288,1.00
2023-03-02,11668608.00,0.00,15132936,1.00
2023-03-03,9544192.00,0.00,15019768,1.00
2023-03-04,8709920.00,0.00,14940656,1.00
2023-03-05,8999440.00,0.00,14326576,1.00
2023-03-06,9642872.00,0.00,13619760,1.00
2023-03-07,9836032.00,0.00,13260704,1.00
2023-03-08,10026520.00,0.00,13346352,1.00
2023-03-09,10031288.00,0.00,13451776,1.00
2023-03-10,10286792.00,0.00,13480576,1.00
2023-03-11,11438872.00,0.00,13404728,1.00
2023-03-12,10502032.00,0.00,13175904,1.00
2023-03-13,6392264.00,0.00,11996768,1.00
2023-03-14,2291656.00,0.00,10629808,1.00
2023-03-15,647168.00,0.00,10375016,1.00
2023-03-16,638200.00,0.00,10331968,1.00
2023-03-17,846056.00,0.00,10260232,1.00
2023-03-18,882832.00,0.00,10190928,1.00
2023-03-19,592944.00,0.00,9969912,1.00
2023-03-20,1209672.00,0.00,10371064,1.00
2023-03-21,2161048.00,0.00,10833936,1.00
2023-03-22,2383200.00,0.00,10577216,1.00
2023-03-23,2179424.00,0.00,10295848,1.00
2023-03-24,2080872.00,0.00,10065384,1.00
2023-03-25,2246784.00,0.00,9998000,1.00
2023-03-26,2457456.00,0.00,10029752,1.00
2023-03-27,2556488.00,0.00,10075752,1.00
2023-03-28,2595760.00,0.00,10198896,1.00
2023-03-29,2946352.00,0.00,10269832,1.00
2023-03-30,3484872.00,0.00,10131688,1.00
2023-03-31,3857208.00,0.00,9978064,1.00
2023-04-01,3585104.00,0.00,9851248,1.00
2023-04-02,3482304.00,0.00,9951704,1.00
2023-04-03,3924632.00,0.00,10085936,1.00
2023-04-04,4331216.00,0.00,10100480,1.00
2023-04-05,4323480.00,0.00,10113512,1.00
2023-04-06,3481592.00,0.00,9883800,1.00
2023-04-07,3220976.00,0.00,10186272,1.00
2023-04-08,3350024.00,0.00,10506832,1.00
2023-04-09,3448720.00,0.00,10879592,1.00
2023-04-10,3124336.00,0.00,11354976,1.00
2023-04-11,1206760.00,0.00,10837624,1.00
2023-04-12,133432.00,0.00,10616368,1.00
2023-04-13,126016.00,0.00,10810800,1.00
2023-04-14,116472.00,0.00,11310904,1.00
2023-04-15,133120.00,0.00,11829184,1.00
2023-04-16,109608.00,0.00,11798496,1.00
2023-04-17,143472.00,0.00,11763416,1.00
2023-04-18,199160.00,0.00,11632400,1.00
2023-04-19,244328.00,0.00,11713232,1.00
2023-04-20,233824.00,0.00,11774832,1.00
2023-04-21,378072.00,0.00,11647960,1.00
2023-04-22,451808.00,0.00,11459400,1.00
2023-04-23,537288.00,0.00,11507024,1.00
2023-04-24,719480.00,0.00,11745360,1.00
2023-04-25,882680.00,0.00,11879928,1.00
2023-04-26,903456.00,0.00,11858736,1.00
2023-04-27,840208.00,0.00,11590048,1.00
2023-04-28,1107024.00,0.00,11683400,1.00
2023-04-29,1635784.00,0.00,11899440,1.00
2023-04-30,2066024.00,0.00,11775568,1.00
2023-05-01,1945664.00,0.00,11620192,1.00
2023-05-02,1443064.00,0.00,11349048,1.00
2023-05-03,1098832.00,0.00,11013672,1.00
2023-05-04,945464.00,0.00,10810632,1.00
2023-05-05,1005968.00,0.00,11089760,1.00
2023-05-06,1165088.00,0.00,11627864,1.00
2023-05-07,1117144.00,0.00,11794200,1.00
2023-05-08,1277712.00,0.00,11995168,1.00
2023-05-09,1610848.00,0.00,12224104,1.00
2023-05-10,1656328.00,0.00,12197160,1.00
2023-05-11,1576248.00,0.00,12010792,1.00
2023-05-12,1939376.00,0.00,12300016,1.00
2023-05-13,2222776.00,0.00,12608096,1.00
2023-05-14,2394448.00,0.00,12498536,1.00
2023-05-15,2424096.00,0.00,12297560,1.00
2023-05-16,3040240.00,0.00,12335624,1.00
2023-05-17,4034600.00,0.00,12457440,1.00
2023-05-18,4180784.00,0.00,12193072,1.00
2023-05-19,4315944.00,0.00,12377808,1.00
2023-05-20,4119504.00,0.00,12680400,1.00
2023-05-21,6196552.00,106872.00,13140208,1.00
2023-05-22,6467256.00,106872.00,13032120,1.00
2023-05-23,4002312.00,0.00,12356240,1.00
2023-05-24,3822344.00,0.00,12148880,1.00
2023-05-25,3530344.00,0.00,11799608,1.00
2023-05-26,3046232.00,0.00,11825064,1.00
2023-05-27,3063056.00,0.00,12114056,1.00
2023-05-28,3642008.00,0.00,12130784,1.00
2023-05-29,3999448.00,0.00,11956784,1.00
2023-05-30,3628336.00,0.00,11858672,1.00
2023-05-31,3243024.00,0.00,11750968,1.00
2023-06-01,3057024.00,0.00,11402184,1.00
2023-06-02,3489072.00,0.00,11652824,1.00
2023-06-03,3644360.00,0.00,11734160,1.00
2023-06-04,3325016.00,0.00,11288120,1.00
2023-06-05,3480504.00,0.00,11423440,1.00
2023-06-06,3656216.00,0.00,11749408,1.00
2023-06-07,3288776.00,0.00,11650176,1.00
2023-06-08,2785304.00,0.00,11245104,1.00
2023-06-09,3081888.00,0.00,11428840,1.00
2023-06-10,3464040.00,0.00,11714176,1.00
2023-06-11,3429600.00,0.00,11578808,1.00
2023-06-12,3423344.00,0.00,11513952,1.00
2023-06-13,3226960.00,0.00,11429296,1.00
2023-06-14,2662240.00,0.00,11274488,1.00
2023-06-15,2389240.00,0.00,10937696,1.00
2023-06-16,2594808.00,0.00,10821168,1.00
2023-06-17,2582472.00,0.00,10742424,1.00
2023-06-18,2129592.00,0.00,10378960,1.00
2023-06-19,1820080.00,0.00,10285672,1.00
2023-06-20,1585440.00,0.00,10450992,1.00
2023-06-21,1090000.00,0.00,10540296,1.00
2023-06-22,2865712.00,0.00,10646800,1.00
2023-06-23,3194584.00,0.00,10826608,1.00
2023-06-24,1274888.00,0.00,10799568,1.00
2023-06-25,789912.00,0.00,10502304,1.00
2023-06-26,836688.00,0.00,10796952,1.00
2023-06-27,1476168.00,3752.00,11411048,1.00
2023-06-28,2049552.00,3752.00,11427712,1.00
2023-06-29,2432656.00,0.00,11288776,1.00
2023-06-30,2088456.00,0.00,11437320,1.00
2023-07-01,2010200.00,0.00,11650104,1.00
2023-07-02,1843592.00,0.00,11534792,1.00
2023-07-03,1244728.00,0.00,11472488,1.00
2023-07-04,1201328.00,0.00,11529760,1.00
2023-07-05,1130592.00,0.00,11404648,1.00
2023-07-06,1172448.00,0.00,11101000,1.00
2023-07-07,1176608.00,0.00,11164568,1.00
2023-07-08,1152344.00,0.00,11395736,1.00
2023-07-09,926088.00,0.00,11221320,1.00
2023-07-10,1034496.00,0.00,11121936,1.00
2023-07-11,1338216.00,0.00,11138616,1.00
2023-07-12,1143568.00,0.00,11054416,1.00
2023-07-13,821920.00,0.00,10765776,1.00
2023-07-14,676192.00,0.00,10817536,1.00
2023-07-15,623360.00,0.00,11083400,1.00
2023-07-16,569744.00,0.00,10913248,1.00
2023-07-17,1230520.00,0.00,10858360,1.00
2023-07-18,1137080.00,0.00,10731824,1.00
2023-07-19,396616.00,0.00,10519512,1.00
2023-07-20,336128.00,0.00,10381272,1.00
2023-07-21,234368.00,0.00,10219168,1.00
2023-07-22,191208.00,0.00,10189280,1.00
2023-07-23,188856.00,0.00,9986608,1.00
2023-07-24,240024.00,0.00,9472184,1.00
2023-07-25,163688.00,0.00,9052496,1.00
2023-07-26,35792.00,0.00,8851408,1.00
2023-07-27,12344.00,0.00,8656592,1.00
2023-07-28,7680.00,0.00,8793552,1.00
2023-07-29,7432.00,0.00,8943360,1.00
2023-07-30,19720.00,0.00,9166288,1.00
2023-07-31,102328.00,0.00,10049000,1.00
2023-08-01,138584.00,0.00,10816456,1.00
2023-08-02,64880.00,0.00,10776912,1.00
2023-08-03,49104.00,0.00,9732200,1.00
2023-08-04,43736.00,0.00,8983576,1.00
2023-08-05,21752.00,0.00,9201096,1.00
2023-08-06,31760.00,0.00,9324720,1.00
2023-08-07,34456.00,0.00,9301160,1.00
2023-08-08,30464.00,0.00,9279128,1.00
2023-08-09,24200.00,0.00,9399888,1.00
2023-08-10,14216.00,0.00,9236568,1.00
2023-08-11,24424.00,0.00,9158696,1.00
2023-08-12,26400.00,0.00,9304520,1.00
2023-08-13,14000.00,0.00,9230920,1.00
2023-08-14,10808.00,0.00,9086136,1.00
2023-08-15,18760.00,0.00,9019744,1.00
2023-08-16,39992.00,0.00,9051688,1.00
2023-08-17,24096.00,0.00,8987408,1.00
2023-08-18,22376.00,0.00,9114800,1.00
2023-08-19,24480.00,0.00,9216784,1.00
2023-08-20,6168.00,0.00,9026696,1.00
2023-08-21,35160.00,0.00,8984168,1.00
2023-08-22,35384.00,0.00,8974216,1.00
2023-08-23,14912.00,0.00,8827976,1.00
2023-08-24,15000.00,0.00,8747800,1.00
2023-08-25,5384.00,0.00,8834112,1.00
2023-08-26,6240.00,0.00,8912832,1.00
2023-08-27,3543032.00,0.00,18705424,1.00
2023-08-28,5786640.00,0.00,26713472,1.00
2023-08-29,3479624.00,0.00,22816632,1.00
2023-08-30,1243952.00,0.00,14460104,1.00
2023-08-31,12136.00,0.00,8113144,1.00
2023-09-01,2536.00,0.00,8206592,1.00
2023-09-02,2288.00,0.00,8384848,1.00
2023-09-03,10272.00,0.00,8233184,1.00
2023-09-04,16352.00,0.00,7961880,1.00
2023-09-05,12584.00,0.00,7800664,1.00
2023-09-06,5512.00,0.00,7787664,1.00
2023-09-07,120.00,0.00,7857080,1.00
2023-09-08,648.00,0.00,7993288,1.00
2023-09-09,7032.00,0.00,7991496,1.00
2023-09-10,875584.00,0.00,15825136,1.00
2023-09-11,984168.00,0.00,16032688,1.00
2023-09-12,115752.00,0.00,8031184,1.00
2023-09-13,976.00,0.00,7713240,1.00
2023-09-14,744.00,0.00,7574232,1.00
2023-09-15,672.00,0.00,7657824,1.00
2023-09-16,312.00,0.00,7872832,1.00
2023-09-17,3128.00,0.00,7936224,1.00
2023-09-18,7184.00,0.00,8015152,1.00
2023-09-19,6824.00,0.00,7961336,1.00
2023-09-20,2680.00,0.00,5708296,1.00
2023-09-21,0.00,0.00,3067048,1.00
2023-09-22,5536.00,0.00,2521144,1.00
2023-09-23,5536.00,0.00,2460040,1.00
2023-09-24,0.00,0.00,2401328,1.00
2023-09-25,0.00,0.00,2395360,1.00
2023-09-26,832.00,0.00,2521672,1.00
2023-09-27,1416.00,0.00,2695360,1.00
2023-09-28,584.00,0.00,2842376,1.00
2023-09-29,0.00,0.00,3008264,1.00
2023-09-30,0.00,0.00,3098592,1.00
2023-10-01,0.00,0.00,3127032,1.00
2023-10-02,0.00,0.00,3194824,1.00
2023-10-03,113384.00,0.00,3405192,1.00
2023-10-04,113384.00,0.00,3500760,1.00
2023-10-05,592.00,0.00,3400312,1.00
2023-10-06,592.00,0.00,3424688,1.00
2023-10-07,0.00,0.00,3512096,1.00
2023-10-08,0.00,0.00,3653072,1.00
2023-10-09,0.00,0.00,3758224,1.00
2023-10-10,0.00,0.00,3869408,1.00
2023-10-11,264.00,0.00,4025264,1.00
2023-10-12,624.00,0.00,4090040,1.00
2023-10-13,360.00,0.00,4129552,1.00
2023-10-14,0.00,0.00,4119032,1.00
2023-10-15,104.00,0.00,4061392,1.00
2023-10-16,104.00,8.00,3743432,0.99
2023-10-17,0.00,8.00,3512744,1.00
2023-10-18,32.00,0.00,3549584,1.00
2023-10-19,163728.00,0.00,3545552,1.00
2023-10-20,163696.00,0.00,3483112,1.00
2023-10-21,0.00,0.00,3356560,1.00
2023-10-22,1832.00,0.00,3395496,1.00
2023-10-23,1832.00,0.00,3467136,1.00
2023-10-24,0.00,0.00,3423728,1.00
2023-10-25,23784.00,0.00,3559336,1.00
2023-10-26,23784.00,0.00,3658080,1.00
2023-10-27,0.00,0.00,3569144,1.00
2023-10-28,0.00,0.00,3540880,1.00
2023-10-29,0.00,0.00,3563360,1.00
2023-10-30,56.00,0.00,3614528,1.00
2023-10-31,56.00,0.00,3681040,1.00
2023-11-01,0.00,0.00,3872680,1.00
2023-11-02,1080.00,0.00,4204128,1.00
2023-11-03,13080.00,0.00,4518696,1.00
2023-11-04,12896.00,0.00,4461488,1.00
2023-11-05,83232.00,0.00,4352240,1.00
2023-11-06,92496.00,0.00,4523656,1.00
2023-11-07,12088.00,0.00,4518528,1.00
2023-11-08,6184.00,0.00,4412240,1.00
2023-11-09,5296.00,0.00,4402008,1.00
2023-11-10,7960.00,0.00,4533968,1.00
2023-11-11,6920.00,0.00,4410376,1.00
2023-11-12,0.00,0.00,4190608,1.00
2023-11-13,0.00,0.00,4264392,1.00
2023-11-14,0.00,0.00,4292848,1.00
2023-11-15,0.00,0.00,4322112,1.00
2023-11-16,0.00,0.00,4332776,1.00
2023-11-17,23040.00,0.00,4352752,1.00
2023-11-18,23040.00,0.00,4325672,1.00
2023-11-19,0.00,0.00,4273176,1.00
2023-11-20,8536.00,0.00,4331576,1.00
2023-11-21,8536.00,0.00,4317128,1.00
2023-11-22,0.00,0.00,4056976,1.00
2023-11-23,0.00,0.00,3807360,1.00
2023-11-24,0.00,0.00,3803320,1.00
2023-11-25,0.00,0.00,3763824,1.00
2023-11-26,0.00,0.00,3744240,1.00
2023-11-27,200.00,0.00,3961944,1.00
2023-11-28,200.00,0.00,4196280,1.00
2023-11-29,0.00,0.00,4305304,1.00
2023-11-30,0.00,0.00,4305232,1.00
2023-12-01,0.00,0.00,4283344,1.00
2023-12-02,0.00,0.00,4304368,1.00
2023-12-03,840.00,0.00,4347992,1.00
2023-12-04,840.00,0.00,4371384,1.00
2023-12-05,808.00,0.00,4481976,1.00
2023-12-06,808.00,0.00,4511112,1.00
2023-12-07,0.00,0.00,4398160,1.00
2023-12-08,0.00,0.00,4427472,1.00
2023-12-09,0.00,0.00,4453744,1.00
2023-12-10,0.00,0.00,4456400,1.00
2023-12-11,4024.00,0.00,4558064,1.00
2023-12-12,5208.00,0.00,4595768,1.00
2023-12-13,1184.00,0.00,4569000,1.00
2023-12-14,200.00,0.00,4580616,1.00
2023-12-15,204648.00,0.00,4750456,1.00
2023-12-16,204448.00,0.00,4621728,1.00
2023-12-17,111224.00,0.00,4513600,1.00
2023-12-18,111224.00,0.00,4596064,1.00
2023-12-19,0.00,0.00,4519448,1.00
2023-12-20,0.00,0.00,4540752,1.00
2023-12-21,0.00,0.00,4627424,1.00
2023-12-22,0.00,0.00,4634752,1.00
2023-12-23,0.00,0.00,4501096,1.00
2023-12-24,0.00,0.00,4502976,1.00
2023-12-25,80.00,0.00,4539424,1.00
2023-12-26,88.00,0.00,4570712,1.00
2023-12-27,8.00,0.00,4695968,1.00
2023-12-28,0.00,0.00,4783952,1.00
2023-12-29,0.00,0.00,4778536,1.00
2023-12-30,0.00,0.00,4781448,1.00
2023-12-31,0.00,0.00,4702584,1.00
2024-01-01,0.00,0.00,4721800,1.00
2024-01-02,0.00,0.00,4891480,1.00
2024-01-03,0.00,0.00,4938720,1.00
2024-01-04,30736.00,0.00,5152080,1.00
2024-01-05,30736.00,0.00,5537464,1.00
2024-01-06,0.00,0.00,5554088,1.00
2024-01-07,377056.00,0.00,5898216,1.00
2024-01-08,377056.00,0.00,5823000,1.00
2024-01-09,200.00,0.00,4979936,1.00
2024-01-10,200.00,0.00,4695760,1.00
2024-01-11,0.00,0.00,4679952,1.00
2024-01-12,0.00,0.00,4727248,1.00
2024-01-13,0.00,0.00,4770920,1.00
2024-01-14,1072.00,0.00,5022008,1.00
2024-01-15,1256.00,0.00,5537880,1.00
2024-01-16,184.00,0.00,5829952,1.00
2024-01-17,256.00,0.00,5834344,1.00
2024-01-18,256.00,0.00,5773912,1.00
2024-01-19,56.00,0.00,5680368,1.00
2024-01-20,3856.00,0.00,5660544,1.00
2024-01-21,145424.00,0.00,5730304,1.00
2024-01-22,141632.00,0.00,5600104,1.00
2024-01-23,360.00,0.00,5298008,1.00
2024-01-24,352.00,0.00,5203992,1.00
2024-01-25,0.00,0.00,5319960,1.00
2024-01-26,0.00,0.00,5337072,1.00
2024-01-27,0.00,0.00,5214656,1.00
2024-01-28,3288.00,0.00,5224472,1.00
2024-01-29,3288.00,0.00,5559928,1.00
2024-01-30,0.00,0.00,2904368,0.70
2024-01-31,0.00,0.00,2255240,0.03
2024-02-01,0.00,0.00,4505480,1.00
2024-02-02,0.00,0.00,2250240,0.97
